match_id,date,home_team,away_team,home_goals,away_goals,home_xg,away_xg,home_win_prob,draw_prob,away_win_prob
28778,2025-08-15 19:00:00,Liverpool,Bournemouth,4,2,2.33007,1.57303,0.5498,0.2276,0.2226
28779,2025-08-16 11:30:00,Aston Villa,Newcastle United,0,0,0.318601,1.40098,0.0629,0.2371,0.7
28780,2025-08-16 14:00:00,Brighton,Fulham,1,1,1.44008,0.902883,0.5158,0.3088,0.1754
28781,2025-08-16 14:00:00,Sunderland,West Ham,3,0,0.724368,0.558948,0.363,0.391,0.246
28782,2025-08-16 14:00:00,Tottenham,Burnley,3,0,1.97858,0.734138,0.7032,0.1993,0.0975
28783,2025-08-16 16:30:00,Wolverhampton Wanderers,Manchester City,0,4,0.519436,2.29903,0.0404,0.1179,0.8417
28784,2025-08-17 13:00:00,Chelsea,Crystal Palace,0,0,1.36793,1.03414,0.4404,0.2929,0.2667
28785,2025-08-17 13:00:00,Nottingham Forest,Brentford,3,1,1.7555,1.32516,0.4714,0.2855,0.2431
28786,2025-08-17 15:30:00,Manchester United,Arsenal,0,1,1.37653,1.3304,0.3408,0.3074,0.3518
28787,2025-08-18 19:00:00,Leeds,Everton,1,0,2.3812,0.674338,0.8116,0.1394,0.049
28788,2025-08-22 19:00:00,West Ham,Chelsea,1,5,0.978572,3.94997,0.0153,0.0485,0.9362
28789,2025-08-23 11:30:00,Manchester City,Tottenham,0,2,1.2475,1.28015,0.3526,0.2889,0.3585
28790,2025-08-23 14:00:00,Brentford,Aston Villa,1,0,1.12964,0.976852,0.4019,0.3328,0.2653
28791,2025-08-23 14:00:00,Burnley,Sunderland,2,0,1.00381,1.12127,0.2978,0.3293,0.3729
28792,2025-08-23 14:00:00,Bournemouth,Wolverhampton Wanderers,1,0,1.78462,0.373367,0.7888,0.1642,0.047
28793,2025-08-23 16:30:00,Arsenal,Leeds,5,0,2.73761,0.156761,0.9569,0.039,0.0041
28794,2025-08-24 13:00:00,Crystal Palace,Nottingham Forest,1,1,1.10188,1.32987,0.2822,0.3071,0.4107
28795,2025-08-24 13:00:00,Everton,Brighton,2,0,1.80116,2.08487,0.2765,0.2775,0.446
28796,2025-08-24 15:30:00,Fulham,Manchester United,1,1,1.65333,1.54603,0.3868,0.2852,0.328
28797,2025-08-25 19:00:00,Newcastle United,Liverpool,2,3,1.96342,0.646559,0.7493,0.1793,0.0714
28798,2025-08-30 11:30:00,Chelsea,Fulham,2,0,2.4324,0.736228,0.811,0.1338,0.0552
28802,2025-08-30 14:00:00,Manchester United,Burnley,3,2,4.02237,1.32618,0.911,0.0655,0.0235
28801,2025-08-30 14:00:00,Sunderland,Brentford,2,1,1.57127,1.44604,0.3654,0.3194,0.3152
28800,2025-08-30 14:00:00,Wolverhampton Wanderers,Everton,2,3,0.943257,2.03791,0.1205,0.2084,0.6711
28799,2025-08-30 14:00:00,Tottenham,Bournemouth,0,1,0.17067,2.1201,0.016,0.1089,0.8751
28803,2025-08-30 16:30:00,Leeds,Newcastle United,0,0,0.6773,0.303635,0.408,0.4518,0.1402
28804,2025-08-31 13:00:00,Nottingham Forest,West Ham,0,3,0.716018,2.236,0.0594,0.1552,0.7854
28805,2025-08-31 13:00:00,Brighton,Manchester City,2,1,2.20864,2.13418,0.3828,0.2726,0.3446
28806,2025-08-31 15:30:00,Liverpool,Arsenal,1,0,0.481404,0.485679,0.2681,0.4624,0.2695
28807,2025-08-31 18:00:00,Aston Villa,Crystal Palace,0,3,1.20586,2.59713,0.0734,0.161,0.7656
28808,2025-09-13 11:30:00,Arsenal,Nottingham Forest,3,0,2.8817,0.293681,0.9419,0.048,0.0101
28813,2025-09-13 14:00:00,Fulham,Leeds,1,0,1.13979,0.830398,0.4371,0.3383,0.2246
28811,2025-09-13 14:00:00,Crystal Palace,Sunderland,0,0,1.75805,0.354129,0.7823,0.1686,0.0491
28812,2025-09-13 14:00:00,Everton,Aston Villa,0,0,1.8927,0.354327,0.7847,0.1658,0.0495
28809,2025-09-13 14:00:00,Newcastle United,Wolverhampton Wanderers,1,0,1.19186,0.375942,0.6234,0.2851,0.0915
28810,2025-09-13 14:00:00,Bournemouth,Brighton,2,1,1.44187,0.624923,0.6177,0.2664,0.1159
28814,2025-09-13 16:30:00,West Ham,Tottenham,0,3,0.793248,1.51402,0.1696,0.2807,0.5497
28815,2025-09-13 19:00:00,Brentford,Chelsea,2,2,1.17533,0.755999,0.495,0.2994,0.2056
28816,2025-09-14 13:00:00,Burnley,Liverpool,0,1,0.168041,2.79492,0.0037,0.0387,0.9576
28817,2025-09-14 15:30:00,Manchester City,Manchester United,3,0,1.99725,1.51915,0.4799,0.2573,0.2628
28818,2025-09-20 11:30:00,Liverpool,Everton,2,1,1.06166,0.721371,0.4455,0.33,0.2245
28821,2025-09-20 14:00:00,Brighton,Tottenham,2,2,1.40466,1.19181,0.4028,0.3289,0.2683
28819,2025-09-20 14:00:00,West Ham,Crystal Palace,1,2,0.466365,2.33565,0.035,0.1161,0.8489
28820,2025-09-20 14:00:00,Wolverhampton Wanderers,Leeds,1,3,1.5661,0.456988,0.6878,0.2266,0.0856
28822,2025-09-20 14:00:00,Burnley,Nottingham Forest,1,1,1.14159,0.830779,0.4397,0.3168,0.2435
28824,2025-09-20 16:30:00,Manchester United,Chelsea,2,1,1.34458,0.469843,0.6294,0.2748,0.0958
28825,2025-09-20 19:00:00,Fulham,Brentford,3,1,1.52431,0.826556,0.5643,0.2588,0.1769
28823,2025-09-21 13:00:00,Bournemouth,Newcastle United,0,0,0.55066,0.153629,0.3942,0.5216,0.0842
28826,2025-09-21 13:00:00,Sunderland,Aston Villa,1,1,0.938312,0.939354,0.3258,0.3463,0.3279
28827,2025-09-21 15:30:00,Arsenal,Manchester City,1,1,0.718575,1.1227,0.2028,0.3221,0.4751
28828,2025-09-27 11:30:00,Brentford,Manchester United,3,1,2.78726,2.23609,0.5118,0.2491,0.2391
28829,2025-09-27 14:00:00,Chelsea,Brighton,1,3,2.02653,2.4751,0.2603,0.2482,0.4915
28830,2025-09-27 14:00:00,Crystal Palace,Liverpool,2,1,3.53323,3.10176,0.4872,0.1968,0.316
28832,2025-09-27 14:00:00,Leeds,Bournemouth,2,2,2.04728,1.06033,0.6258,0.219,0.1552
28833,2025-09-27 14:00:00,Manchester City,Burnley,5,1,3.22133,0.509491,0.9279,0.0602,0.0119
28834,2025-09-27 16:30:00,Nottingham Forest,Sunderland,0,1,1.4203,1.94154,0.2527,0.2346,0.5127
28835,2025-09-27 19:00:00,Tottenham,Wolverhampton Wanderers,1,1,0.818711,1.15951,0.2181,0.3376,0.4443
28831,2025-09-28 13:00:00,Aston Villa,Fulham,3,1,1.36575,0.952612,0.4792,0.293,0.2278
28836,2025-09-28 15:30:00,Newcastle United,Arsenal,1,2,0.739851,2.07048,0.0956,0.1872,0.7172
28837,2025-09-29 19:00:00,Everton,West Ham,1,1,0.909703,0.775766,0.3639,0.3478,0.2883
28838,2025-10-03 19:00:00,Bournemouth,Fulham,3,1,1.33458,0.84335,0.5037,0.2971,0.1992
28844,2025-10-04 11:30:00,Leeds,Tottenham,1,2,1.48051,0.688198,0.6,0.2633,0.1367
28839,2025-10-04 14:00:00,Arsenal,West Ham,2,0,3.0585,0.864549,0.8876,0.0891,0.0233
28845,2025-10-04 14:00:00,Manchester United,Sunderland,2,0,1.9298,0.807119,0.6826,0.2067,0.1107
28842,2025-10-04 16:30:00,Chelsea,Liverpool,2,1,1.23721,2.05981,0.1603,0.2554,0.5843
28846,2025-10-05 13:00:00,Newcastle United,Nottingham Forest,2,0,3.81662,0.337689,0.9788,0.0182,0.003
28847,2025-10-05 13:00:00,Wolverhampton Wanderers,Brighton,1,1,0.369404,1.39158,0.0797,0.2474,0.6729
28840,2025-10-05 13:00:00,Aston Villa,Burnley,2,1,1.73572,0.502292,0.7029,0.2168,0.0803
28843,2025-10-05 13:00:00,Everton,Crystal Palace,2,1,2.13876,2.17789,0.3623,0.2646,0.3731
28841,2025-10-05 15:30:00,Brentford,Manchester City,0,1,0.693758,1.09647,0.2127,0.3477,0.4396
28854,2025-10-18 11:30:00,Nottingham Forest,Chelsea,0,3,2.0555,2.5583,0.2761,0.2325,0.4914
28848,2025-10-18 14:00:00,Brighton,Newcastle United,2,1,0.857104,1.28313,0.234,0.2943,0.4717
28849,2025-10-18 14:00:00,Burnley,Leeds,2,0,0.509647,2.33152,0.0318,0.1277,0.8405
28850,2025-10-18 14:00:00,Crystal Palace,Bournemouth,3,3,4.56284,2.0471,0.8893,0.0764,0.0343
28853,2025-10-18 14:00:00,Manchester City,Everton,2,0,2.4799,0.794622,0.7871,0.157,0.0559
28855,2025-10-18 14:00:00,Sunderland,Wolverhampton Wanderers,2,0,1.02481,0.676323,0.4521,0.3322,0.2157
28851,2025-10-18 16:30:00,Fulham,Arsenal,0,1,0.502332,2.07823,0.0509,0.1423,0.8068
28856,2025-10-19 13:00:00,Tottenham,Aston Villa,1,2,1.51461,0.352231,0.7246,0.2099,0.0655
28852,2025-10-19 15:30:00,Liverpool,Manchester United,1,2,2.60972,2.53117,0.403,0.2349,0.3621
28857,2025-10-20 19:00:00,West Ham,Brentford,0,2,0.260251,3.46635,0.0056,0.0286,0.9658
28864,2025-10-24 19:00:00,Leeds,West Ham,2,1,2.2214,0.498653,0.8342,0.1246,0.0412
28862,2025-10-25 14:00:00,Chelsea,Sunderland,1,2,1.21332,1.5506,0.2529,0.2876,0.4595
28866,2025-10-25 14:00:00,Newcastle United,Fulham,2,1,2.76806,1.52001,0.6984,0.1854,0.1162
28865,2025-10-25 16:30:00,Manchester United,Brighton,4,2,1.96231,0.947154,0.6368,0.216,0.1472
28861,2025-10-25 19:00:00,Brentford,Liverpool,3,2,3.27126,2.11838,0.6466,0.1867,0.1667
28858,2025-10-26 13:00:00,Bournemouth,Nottingham Forest,2,0,0.656601,0.305493,0.4009,0.4563,0.1428
28859,2025-10-26 13:00:00,Arsenal,Crystal Palace,1,0,0.856175,0.350534,0.4818,0.3843,0.1339
28860,2025-10-26 13:00:00,Aston Villa,Manchester City,1,0,0.843906,1.36914,0.2191,0.289,0.4919
28867,2025-10-26 13:00:00,Wolverhampton Wanderers,Burnley,2,3,2.58132,1.54544,0.6426,0.2132,0.1442
28863,2025-10-26 15:30:00,Everton,Tottenham,0,3,1.4032,2.09327,0.1933,0.2511,0.5556
28874,2025-11-01 15:00:00,Nottingham Forest,Manchester United,2,2,1.55066,0.91622,0.5553,0.2598,0.1849
28870,2025-11-01 15:00:00,Crystal Palace,Brentford,2,0,0.734558,0.820498,0.284,0.3671,0.3489
28871,2025-11-01 15:00:00,Fulham,Wolverhampton Wanderers,3,0,1.91207,0.209934,0.8557,0.1234,0.0209
28869,2025-11-01 15:00:00,Burnley,Arsenal,0,2,0.679177,2.51649,0.0346,0.1281,0.8373
28868,2025-11-01 15:00:00,Brighton,Leeds,3,0,2.64127,0.35919,0.9151,0.0719,0.013
28876,2025-11-01 17:30:00,Tottenham,Chelsea,0,1,0.146954,3.34251,0.0016,0.0201,0.9783
28872,2025-11-01 20:00:00,Liverpool,Aston Villa,2,0,1.47021,0.43502,0.6494,0.2552,0.0954
28877,2025-11-02 14:00:00,West Ham,Newcastle United,3,1,1.41383,0.523615,0.6355,0.2546,0.1099
28873,2025-11-02 16:30:00,Manchester City,Bournemouth,3,1,2.48999,0.899846,0.7693,0.1598,0.0709
28875,2025-11-03 20:00:00,Sunderland,Everton,1,1,1.18068,1.00741,0.3718,0.3203,0.3079
28886,2025-11-08 12:30:00,Tottenham,Manchester United,2,2,1.35532,0.820256,0.5103,0.2821,0.2076
28882,2025-11-08 15:00:00,Everton,Fulham,2,0,2.30607,0.424478,0.855,0.1105,0.0345
28887,2025-11-08 15:00:00,West Ham,Burnley,3,2,2.96728,1.87478,0.6782,0.2072,0.1146
28885,2025-11-08 17:30:00,Sunderland,Arsenal,2,2,1.20495,2.32943,0.1307,0.214,0.6553
28880,2025-11-08 20:00:00,Chelsea,Wolverhampton Wanderers,3,0,3.98342,0.111462,0.9924,0.0074,0.0002
28878,2025-11-09 14:00:00,Aston Villa,Bournemouth,4,0,1.88282,2.00992,0.3334,0.2653,0.4013
28879,2025-11-09 14:00:00,Brentford,Newcastle United,3,1,2.73729,0.432277,0.9194,0.0653,0.0153
28881,2025-11-09 14:00:00,Crystal Palace,Brighton,0,0,0.839547,0.637037,0.3615,0.3807,0.2578
28884,2025-11-09 14:00:00,Nottingham Forest,Leeds,3,1,2.49097,0.419461,0.8925,0.0884,0.0191
28883,2025-11-09 16:30:00,Manchester City,Liverpool,3,0,1.59542,1.0281,0.5265,0.2798,0.1937
28891,2025-11-22 12:30:00,Burnley,Chelsea,0,2,0.660943,1.72093,0.109,0.2248,0.6662
28888,2025-11-22 15:00:00,Bournemouth,West Ham,2,2,3.48299,0.390782,0.9602,0.0349,0.0049
28890,2025-11-22 15:00:00,Brighton,Brentford,2,1,0.977488,2.19979,0.0872,0.1756,0.7372
28892,2025-11-22 15:00:00,Fulham,Sunderland,1,0,2.83729,0.222768,0.9361,0.0547,0.0092
28894,2025-11-22 15:00:00,Liverpool,Nottingham Forest,0,3,1.79273,1.19459,0.5209,0.2497,0.2294
28897,2025-11-22 15:00:00,Wolverhampton Wanderers,Crystal Palace,0,2,1.66409,1.44933,0.428,0.285,0.287
28896,2025-11-22 17:30:00,Newcastle United,Manchester City,2,1,2.40555,2.45648,0.3783,0.2442,0.3775
28893,2025-11-23 14:00:00,Leeds,Aston Villa,1,2,1.84668,1.35978,0.5039,0.2601,0.236
28889,2025-11-23 16:30:00,Arsenal,Tottenham,4,1,2.27827,0.0300672,0.9246,0.0744,0.001
28895,2025-11-24 20:00:00,Manchester United,Everton,0,1,2.2737,0.155063,0.8897,0.0985,0.0118
28899,2025-11-29 15:00:00,Brentford,Burnley,3,1,3.72106,0.874025,0.9508,0.0419,0.0073
28903,2025-11-29 15:00:00,Manchester City,Leeds,3,2,2.85292,1.75142,0.6549,0.2088,0.1363
28905,2025-11-29 15:00:00,Sunderland,Bournemouth,3,2,1.16955,1.79274,0.1677,0.3108,0.5215
28902,2025-11-29 17:30:00,Everton,Newcastle United,1,4,1.01125,2.45882,0.0953,0.1744,0.7303
28906,2025-11-29 20:00:00,Tottenham,Fulham,1,2,1.04396,0.494736,0.5297,0.324,0.1463
28901,2025-11-30 12:00:00,Crystal Palace,Manchester United,1,2,2.13561,1.47768,0.5412,0.2822,0.1766
28904,2025-11-30 14:05:00,Nottingham Forest,Brighton,0,2,0.960325,2.0572,0.1427,0.2061,0.6512
28907,2025-11-30 14:05:00,West Ham,Liverpool,0,2,0.364152,1.56793,0.0588,0.1997,0.7415
28898,2025-11-30 14:05:00,Aston Villa,Wolverhampton Wanderers,1,0,1.15486,0.692588,0.4809,0.3149,0.2042
28900,2025-11-30 16:30:00,Chelsea,Arsenal,1,1,0.791914,1.22828,0.2095,0.3069,0.4836
28908,2025-12-02 19:30:00,Bournemouth,Everton,0,1,0.635415,1.19573,0.1737,0.3189,0.5074
28912,2025-12-02 19:30:00,Fulham,Manchester City,4,5,0.972635,1.96225,0.1408,0.2232,0.636
28916,2025-12-02 20:15:00,Newcastle United,Tottenham,2,2,1.88558,1.05205,0.5817,0.2502,0.1681
28909,2025-12-03 19:30:00,Arsenal,Brentford,2,0,2.63126,0.588716,0.8618,0.1086,0.0296
28910,2025-12-03 19:30:00,Brighton,Aston Villa,3,4,1.96298,3.15745,0.1501,0.1771,0.6728
28911,2025-12-03 19:30:00,Burnley,Crystal Palace,0,1,1.16852,0.987797,0.3817,0.3288,0.2895
28917,2025-12-03 19:30:00,Wolverhampton Wanderers,Nottingham Forest,0,1,1.02461,1.12389,0.3096,0.3553,0.3351
28914,2025-12-03 20:15:00,Liverpool,Sunderland,1,1,1.37633,0.712662,0.5385,0.2953,0.1662
28913,2025-12-03 20:15:00,Leeds,Chelsea,3,1,2.2047,0.964018,0.7167,0.1866,0.0967
28915,2025-12-04 20:00:00,Manchester United,West Ham,1,1,2.27674,1.36584,0.6156,0.2213,0.1631
28919,2025-12-06 12:30:00,Aston Villa,Arsenal,2,1,2.71986,1.85965,0.5866,0.2031,0.2103
28918,2025-12-06 15:00:00,Bournemouth,Chelsea,0,0,1.41931,0.672602,0.6116,0.271,0.1174
28921,2025-12-06 15:00:00,Everton,Nottingham Forest,3,0,1.25348,0.31234,0.6583,0.263,0.0787
28924,2025-12-06 15:00:00,Manchester City,Sunderland,3,0,2.41605,0.626486,0.8094,0.1365,0.0541
28925,2025-12-06 15:00:00,Newcastle United,Burnley,2,1,1.80708,1.58375,0.4078,0.2946,0.2976
28926,2025-12-06 15:00:00,Tottenham,Brentford,2,0,2.42388,0.470563,0.874,0.1019,0.0241
28923,2025-12-06 17:30:00,Leeds,Liverpool,3,3,1.79333,2.04805,0.3199,0.2543,0.4258
28920,2025-12-07 14:00:00,Brighton,West Ham,1,1,2.10077,1.7064,0.4659,0.2432,0.2909
28922,2025-12-07 16:30:00,Fulham,Crystal Palace,1,2,0.766771,1.71109,0.1398,0.2443,0.6159
28927,2025-12-08 20:00:00,Wolverhampton Wanderers,Manchester United,1,4,0.262147,4.04708,0.0013,0.0112,0.9875
28933,2025-12-13 15:00:00,Liverpool,Brighton,2,0,2.4127,1.69004,0.5519,0.2199,0.2282
28931,2025-12-13 15:00:00,Chelsea,Everton,2,0,2.64457,1.34,0.6853,0.181,0.1337
28930,2025-12-13 17:30:00,Burnley,Fulham,2,3,2.05486,1.65053,0.4687,0.2506,0.2807
28928,2025-12-13 20:00:00,Arsenal,Wolverhampton Wanderers,2,1,1.61796,0.61997,0.6309,0.2644,0.1047
28932,2025-12-14 14:00:00,Crystal Palace,Manchester City,0,3,1.30092,1.35317,0.3229,0.2899,0.3872
28935,2025-12-14 14:00:00,Nottingham Forest,Tottenham,3,0,2.32658,0.380246,0.8804,0.0967,0.0229
28936,2025-12-14 14:00:00,Sunderland,Newcastle United,1,0,0.630045,0.169329,0.4509,0.4675,0.0816
28937,2025-12-14 14:00:00,West Ham,Aston Villa,2,3,1.27701,0.595093,0.5651,0.3111,0.1238
28929,2025-12-14 16:30:00,Brentford,Leeds,1,1,0.697006,1.63409,0.1171,0.2592,0.6237
28934,2025-12-15 20:00:00,Manchester United,Bournemouth,4,4,3.21204,2.35196,0.5797,0.1979,0.2224
28945,2025-12-20 12:30:00,Newcastle United,Chelsea,2,2,2.87863,1.0261,0.8323,0.117,0.0507
28947,2025-12-20 15:00:00,Wolverhampton Wanderers,Brentford,0,2,1.26823,1.56309,0.2792,0.2924,0.4284
28944,2025-12-20 15:00:00,Manchester City,West Ham,3,0,3.58188,1.02143,0.9032,0.0686,0.0282
28938,2025-12-20 15:00:00,Bournemouth,Burnley,1,1,1.81847,0.480528,0.7581,0.1923,0.0496
28940,2025-12-20 15:00:00,Brighton,Sunderland,0,0,0.919272,1.31044,0.2447,0.2888,0.4665
28946,2025-12-20 17:30:00,Tottenham,Liverpool,1,2,1.34905,1.23164,0.3774,0.3092,0.3134
28941,2025-12-20 20:00:00,Everton,Arsenal,0,1,0.213273,1.84723,0.0177,0.1169,0.8654
28943,2025-12-20 20:00:00,Leeds,Crystal Palace,4,1,2.90786,1.53058,0.7202,0.1848,0.095
28939,2025-12-21 16:30:00,Aston Villa,Manchester United,2,1,1.86917,1.30455,0.5333,0.27,0.1967
28942,2025-12-22 20:00:00,Fulham,Nottingham Forest,1,0,1.70568,0.486296,0.743,0.1931,0.0639
28954,2025-12-26 20:00:00,Manchester United,Newcastle United,1,0,0.940811,1.12998,0.2985,0.3125,0.389
28955,2025-12-27 12:30:00,Nottingham Forest,Manchester City,1,2,0.600141,1.46468,0.1293,0.2671,0.6036
28950,2025-12-27 15:00:00,Burnley,Everton,0,0,1.24948,1.25204,0.338,0.2938,0.3682
28957,2025-12-27 15:00:00,West Ham,Fulham,0,1,1.13719,1.11436,0.3509,0.3111,0.338
28953,2025-12-27 15:00:00,Liverpool,Wolverhampton Wanderers,2,1,1.56502,0.780664,0.5756,0.2883,0.1361
28949,2025-12-27 15:00:00,Brentford,Bournemouth,4,1,2.8513,2.56183,0.4446,0.2365,0.3189
28948,2025-12-27 15:00:00,Arsenal,Brighton,2,1,2.54318,0.710064,0.822,0.1286,0.0494
28951,2025-12-27 17:30:00,Chelsea,Aston Villa,1,2,1.97155,2.05918,0.3354,0.2749,0.3897
28956,2025-12-28 14:00:00,Sunderland,Leeds,1,1,0.805957,2.60653,0.0588,0.1287,0.8125
28952,2025-12-28 16:30:00,Crystal Palace,Tottenham,0,1,0.929681,0.870768,0.3247,0.3463,0.329
28960,2025-12-30 19:30:00,Burnley,Newcastle United,1,3,1.32551,2.49248,0.129,0.196,0.675
28961,2025-12-30 19:30:00,Chelsea,Bournemouth,2,2,2.33294,3.49142,0.1502,0.1905,0.6593
28965,2025-12-30 19:30:00,Nottingham Forest,Everton,0,2,1.75445,1.69525,0.3776,0.2639,0.3585
28967,2025-12-30 19:30:00,West Ham,Brighton,2,2,2.27644,3.08914,0.1995,0.2097,0.5908
28958,2025-12-30 20:15:00,Arsenal,Aston Villa,4,1,4.41335,2.94195,0.6941,0.1691,0.1368
28964,2025-12-30 20:15:00,Manchester United,Wolverhampton Wanderers,1,1,1.13306,1.21784,0.3127,0.3104,0.3769
28962,2026-01-01 17:30:00,Crystal Palace,Fulham,1,1,2.35346,1.75434,0.5385,0.2305,0.231
28963,2026-01-01 17:30:00,Liverpool,Leeds,0,0,1.67833,0.15936,0.8379,0.1434,0.0187
28966,2026-01-01 20:00:00,Sunderland,Manchester City,0,0,0.962141,2.44247,0.0985,0.1597,0.7418
28959,2026-01-01 20:00:00,Brentford,Tottenham,0,0,0.556304,0.608309,0.2635,0.4337,0.3028
28972,2026-01-03 12:30:00,Aston Villa,Nottingham Forest,3,1,1.42988,0.8982,0.5062,0.2854,0.2084
28970,2026-01-03 15:00:00,Wolverhampton Wanderers,West Ham,3,0,2.23925,0.235678,0.9109,0.0781,0.011
28973,2026-01-03 15:00:00,Brighton,Burnley,2,0,1.4717,0.254551,0.7247,0.2236,0.0517
28971,2026-01-03 17:30:00,Bournemouth,Arsenal,2,3,0.947846,1.28,0.2551,0.2988,0.4461
28976,2026-01-04 12:30:00,Leeds,Manchester United,1,1,0.970138,1.94781,0.1395,0.2351,0.6254
28968,2026-01-04 15:00:00,Newcastle United,Crystal Palace,2,0,2.72764,1.27825,0.7489,0.1653,0.0858
28969,2026-01-04 15:00:00,Tottenham,Sunderland,1,1,1.4175,0.467481,0.6917,0.2321,0.0762
28974,2026-01-04 15:00:00,Everton,Brentford,2,4,1.00566,3.05179,0.0586,0.1135,0.8279
28975,2026-01-04 15:00:00,Fulham,Liverpool,2,2,0.609182,1.7188,0.0957,0.2177,0.6866
28977,2026-01-04 17:30:00,Manchester City,Chelsea,1,1,1.03049,2.03726,0.1151,0.2012,0.6837
28987,2026-01-06 20:00:00,West Ham,Nottingham Forest,1,2,1.73697,1.26683,0.4809,0.2855,0.2336
28978,2026-01-07 19:30:00,Everton,Wolverhampton Wanderers,1,1,1.63321,0.71329,0.6437,0.2323,0.124
28979,2026-01-07 19:30:00,Bournemouth,Tottenham,3,2,1.19014,1.6261,0.2401,0.2869,0.473
28981,2026-01-07 19:30:00,Brentford,Sunderland,3,0,3.86096,1.50644,0.8769,0.0866,0.0365
28983,2026-01-07 19:30:00,Crystal Palace,Aston Villa,0,0,1.32505,2.07015,0.193,0.2327,0.5743
28984,2026-01-07 19:30:00,Fulham,Chelsea,2,1,1.06013,2.45107,0.1032,0.1646,0.7322
28985,2026-01-07 19:30:00,Manchester City,Brighton,1,1,2.95904,1.33162,0.7562,0.1607,0.0831
28982,2026-01-07 20:15:00,Burnley,Manchester United,2,2,0.31971,2.52488,0.0234,0.1025,0.8741
28986,2026-01-07 20:15:00,Newcastle United,Leeds,4,3,2.43495,2.35318,0.401,0.2529,0.3461
28980,2026-01-08 20:00:00,Arsenal,Liverpool,0,0,0.701832,0.318642,0.4144,0.4412,0.1444
28993,2026-01-17 12:30:00,Manchester United,Manchester City,2,0,3.07278,0.387015,0.9392,0.0489,0.0119
28996,2026-01-17 15:00:00,Tottenham,West Ham,1,2,1.65292,2.76761,0.1425,0.202,0.6555
28995,2026-01-17 15:00:00,Sunderland,Crystal Palace,2,1,1.84601,1.15169,0.5566,0.26,0.1834
28991,2026-01-17 15:00:00,Leeds,Fulham,1,0,2.16898,0.258796,0.864,0.1163,0.0197
28990,2026-01-17 15:00:00,Chelsea,Brentford,2,0,1.62263,1.47521,0.4189,0.2809,0.3002
28992,2026-01-17 15:00:00,Liverpool,Burnley,1,1,3.49045,0.546971,0.9471,0.041,0.0119
28994,2026-01-17 17:30:00,Nottingham Forest,Arsenal,0,0,0.318481,2.86323,0.0086,0.0474,0.944
28997,2026-01-18 14:00:00,Wolverhampton Wanderers,Newcastle United,0,0,0.390216,0.813313,0.1649,0.3912,0.4439
28988,2026-01-18 16:30:00,Aston Villa,Everton,0,1,0.905393,0.745859,0.3565,0.3572,0.2863
28989,2026-01-19 20:00:00,Brighton,Bournemouth,1,1,0.995777,1.69737,0.1781,0.2457,0.5762
29007,2026-01-24 12:30:00,West Ham,Sunderland,3,1,2.18675,0.713838,0.777,0.1625,0.0605
29005,2026-01-24 15:00:00,Manchester City,Wolverhampton Wanderers,2,0,1.0654,0.542683,0.4964,0.3317,0.1719
29001,2026-01-24 15:00:00,Burnley,Tottenham,2,2,1.54884,2.59093,0.153,0.2126,0.6344
29004,2026-01-24 15:00:00,Fulham,Brighton,2,1,1.13243,1.94652,0.1687,0.2381,0.5932
28998,2026-01-24 17:30:00,Bournemouth,Liverpool,3,2,3.31474,0.937335,0.8979,0.0725,0.0296
29000,2026-01-25 14:00:00,Brentford,Nottingham Forest,0,2,2.00413,1.38958,0.5375,0.2893,0.1732
29002,2026-01-25 14:00:00,Crystal Palace,Chelsea,1,3,2.41793,3.08817,0.2467,0.2125,0.5408
29006,2026-01-25 14:00:00,Newcastle United,Aston Villa,0,2,1.95484,1.32143,0.5465,0.2409,0.2126
28999,2026-01-25 16:30:00,Arsenal,Manchester United,2,3,1.42411,0.640902,0.6023,0.2707,0.127
29003,2026-01-26 20:00:00,Everton,Leeds,1,1,0.889916,1.6766,0.1546,0.259,0.5864
29010,2026-01-31 15:00:00,Brighton,Everton,1,1,1.42825,1.28126,0.3888,0.2998,0.3114
29015,2026-01-31 15:00:00,Leeds,Arsenal,0,4,0.17871,3.54427,0.0022,0.0201,0.9777
29017,2026-01-31 15:00:00,Wolverhampton Wanderers,Bournemouth,0,2,2.10353,1.59116,0.4904,0.26,0.2496
29009,2026-01-31 17:30:00,Chelsea,West Ham,3,2,2.66133,1.72585,0.6123,0.2211,0.1666
29014,2026-01-31 20:00:00,Liverpool,Newcastle United,4,1,3.09973,0.284319,0.9463,0.0443,0.0094
29013,2026-02-01 14:00:00,Nottingham Forest,Crystal Palace,1,1,0.987254,1.648,0.1767,0.2772,0.5461
29012,2026-02-01 14:00:00,Manchester United,Fulham,3,2,1.84362,1.71998,0.3948,0.2664,0.3388
29008,2026-02-01 14:00:00,Aston Villa,Brentford,0,1,2.15316,0.314916,0.8302,0.1363,0.0335
29016,2026-02-01 16:30:00,Tottenham,Manchester City,2,2,1.49738,2.03614,0.2511,0.2387,0.5102
29011,2026-02-02 20:00:00,Sunderland,Burnley,3,0,1.8865,0.126371,0.8773,0.1119,0.0108
29023,2026-02-06 20:00:00,Leeds,Nottingham Forest,3,1,3.38179,1.6608,0.7774,0.1399,0.0827
29025,2026-02-07 12:30:00,Manchester United,Tottenham,2,0,2.16576,0.593404,0.7759,0.1586,0.0655
29018,2026-02-07 15:00:00,Bournemouth,Aston Villa,1,1,1.82646,0.646496,0.6897,0.2097,0.1006
29019,2026-02-07 15:00:00,Arsenal,Sunderland,3,0,1.19401,0.427225,0.569,0.3173,0.1137
29021,2026-02-07 15:00:00,Burnley,West Ham,0,2,1.84644,1.1223,0.5545,0.2637,0.1818
29022,2026-02-07 15:00:00,Fulham,Everton,1,2,2.20126,1.88778,0.4559,0.2296,0.3145
29027,2026-02-07 15:00:00,Wolverhampton Wanderers,Chelsea,1,3,1.11372,3.76278,0.0241,0.0624,0.9135
29026,2026-02-07 17:30:00,Newcastle United,Brentford,2,3,3.3215,1.65022,0.7774,0.1378,0.0848
29020,2026-02-08 14:00:00,Brighton,Crystal Palace,0,1,0.737798,0.928404,0.2553,0.3644,0.3803
29024,2026-02-08 16:30:00,Liverpool,Manchester City,1,2,1.26652,2.41476,0.1318,0.1961,0.6721
29030,2026-02-10 19:30:00,Chelsea,Leeds,2,2,3.21176,1.28948,0.8272,0.1298,0.043
29032,2026-02-10 19:30:00,Everton,Bournemouth,1,2,2.33114,1.4121,0.6046,0.235,0.1604
29036,2026-02-10 19:30:00,Tottenham,Newcastle United,1,2,1.68925,2.46991,0.2104,0.2207,0.5689
29037,2026-02-10 20:15:00,West Ham,Manchester United,1,1,1.30746,0.735767,0.5384,0.2938,0.1678
29028,2026-02-11 19:30:00,Aston Villa,Brighton,1,0,0.576138,0.481306,0.3064,0.4474,0.2462
29031,2026-02-11 19:30:00,Crystal Palace,Burnley,2,3,2.1276,0.691273,0.7338,0.1809,0.0853
29033,2026-02-11 19:30:00,Manchester City,Fulham,3,0,1.67722,1.05283,0.5343,0.2546,0.2111
29034,2026-02-11 19:30:00,Nottingham Forest,Wolverhampton Wanderers,0,0,3.69094,0.406959,0.9709,0.0249,0.0042
29035,2026-02-11 20:15:00,Sunderland,Liverpool,0,1,0.693794,3.08172,0.0341,0.0804,0.8855
29029,2026-02-12 20:00:00,Brentford,Arsenal,1,1,1.81154,0.78418,0.6367,0.2304,0.1329
29087,2026-02-18 20:00:00,Wolverhampton Wanderers,Arsenal,2,2,0.173119,2.01018,0.0145,0.0862,0.8993
29038,2026-02-21 15:00:00,Aston Villa,Leeds,1,1,1.25439,1.27855,0.349,0.2903,0.3607
29039,2026-02-21 15:00:00,Brentford,Brighton,0,2,1.69023,1.37203,0.4477,0.2841,0.2682
29040,2026-02-21 15:00:00,Chelsea,Burnley,1,1,2.51534,1.01255,0.7629,0.1628,0.0743
29047,2026-02-21 17:30:00,West Ham,Bournemouth,0,0,2.34412,0.522731,0.8387,0.1203,0.041
29043,2026-02-21 20:00:00,Manchester City,Newcastle United,2,1,2.22648,0.507954,0.8142,0.1373,0.0485
29044,2026-02-22 14:00:00,Nottingham Forest,Liverpool,0,1,0.934768,2.39634,0.0658,0.1486,0.7856
29045,2026-02-22 14:00:00,Sunderland,Fulham,1,3,1.7609,2.16696,0.2628,0.2664,0.4708
29041,2026-02-22 14:00:00,Crystal Palace,Wolverhampton Wanderers,1,0,2.03559,1.67749,0.459,0.2691,0.2719
29046,2026-02-22 16:30:00,Tottenham,Arsenal,1,4,0.383264,3.31701,0.0088,0.0401,0.9511
29042,2026-02-23 20:00:00,Everton,Manchester United,0,1,0.560924,1.4547,0.1076,0.245,0.6474
29057,2026-02-27 20:00:00,Wolverhampton Wanderers,Aston Villa,2,0,1.50771,1.31328,0.4226,0.2827,0.2947
29048,2026-02-28 12:30:00,Bournemouth,Sunderland,1,1,1.82434,1.07887,0.5551,0.2648,0.1801
29051,2026-02-28 15:00:00,Burnley,Brentford,3,4,0.823824,2.44595,0.0609,0.1435,0.7956
29054,2026-02-28 15:00:00,Liverpool,West Ham,5,2,2.09939,1.3517,0.5536,0.2339,0.2125
29056,2026-02-28 15:00:00,Newcastle United,Everton,2,3,1.11889,2.40731,0.0575,0.169,0.7735
29053,2026-02-28 17:30:00,Leeds,Manchester City,0,1,1.37824,2.46834,0.1403,0.1978,0.6619
29052,2026-03-01 14:00:00,Fulham,Tottenham,2,1,2.3207,0.952091,0.7069,0.1828,0.1103
29055,2026-03-01 14:00:00,Manchester United,Crystal Palace,2,1,2.34609,0.384699,0.8774,0.1001,0.0225
29050,2026-03-01 14:00:00,Brighton,Nottingham Forest,2,1,1.20107,0.83055,0.4523,0.3035,0.2442
29049,2026-03-01 16:30:00,Arsenal,Chelsea,2,1,1.71598,1.35268,0.4449,0.2926,0.2625
29058,2026-03-03 19:30:00,Bournemouth,Brentford,0,0,2.3177,0.673328,0.7902,0.1515,0.0583
29061,2026-03-03 19:30:00,Everton,Burnley,2,0,1.15845,0.762229,0.4352,0.3436,0.2212
29063,2026-03-03 19:30:00,Leeds,Sunderland,0,1,0.888232,0.843856,0.2954,0.3643,0.3403
29067,2026-03-03 20:15:00,Wolverhampton Wanderers,Liverpool,2,1,0.636033,2.17217,0.0584,0.166,0.7756
29059,2026-03-04 19:30:00,Aston Villa,Chelsea,1,4,1.06854,3.38883,0.0343,0.0834,0.8823
29060,2026-03-04 19:30:00,Brighton,Arsenal,0,1,0.919228,0.514803,0.4417,0.3688,0.1895
29062,2026-03-04 19:30:00,Fulham,West Ham,0,1,0.628123,1.49528,0.126,0.2422,0.6318
29064,2026-03-04 19:30:00,Manchester City,Nottingham Forest,2,2,2.72655,1.23642,0.7332,0.1652,0.1016
29065,2026-03-04 20:15:00,Newcastle United,Manchester United,2,1,1.96637,1.80571,0.4273,0.2544,0.3183
29066,2026-03-05 20:00:00,Tottenham,Crystal Palace,1,3,1.29615,1.91515,0.2054,0.2575,0.5371
29070,2026-03-14 15:00:00,Burnley,Bournemouth,0,0,1.67695,2.36979,0.2336,0.2214,0.545
29076,2026-03-14 15:00:00,Sunderland,Brighton,0,1,0.659083,1.12832,0.1994,0.3158,0.4848
29068,2026-03-14 17:30:00,Arsenal,Everton,2,0,1.90855,1.17847,0.5602,0.2503,0.1895
29071,2026-03-14 17:30:00,Chelsea,Newcastle United,0,1,1.72508,1.03251,0.5331,0.2697,0.1972
29077,2026-03-14 20:00:00,West Ham,Manchester City,1,1,0.488982,1.9546,0.0452,0.1911,0.7637
29072,2026-03-15 14:00:00,Crystal Palace,Leeds,0,0,0.525205,1.13558,0.1278,0.3017,0.5705
29074,2026-03-15 14:00:00,Manchester United,Aston Villa,3,1,1.67823,1.21071,0.4854,0.264,0.2506
29075,2026-03-15 14:00:00,Nottingham Forest,Fulham,0,0,0.821011,0.933988,0.2552,0.3626,0.3822
29073,2026-03-15 16:30:00,Liverpool,Tottenham,1,1,1.30076,1.15636,0.3856,0.2861,0.3283
29069,2026-03-16 20:00:00,Brentford,Wolverhampton Wanderers,2,2,2.7966,1.80044,0.6218,0.2068,0.1714
29078,2026-03-20 20:00:00,Bournemouth,Manchester United,2,2,1.76664,1.74574,0.36,0.2839,0.3561
29080,2026-03-21 12:30:00,Brighton,Liverpool,2,1,3.42956,0.956801,0.9049,0.069,0.0261
29082,2026-03-21 15:00:00,Fulham,Burnley,3,1,3.48438,1.92556,0.7203,0.1586,0.1211
29081,2026-03-21 17:30:00,Everton,Chelsea,3,0,1.44532,1.35143,0.3819,0.2794,0.3387
29083,2026-03-21 20:00:00,Leeds,Brentford,0,0,0.417296,0.302221,0.2789,0.5413,0.1798
29085,2026-03-22 12:00:00,Newcastle United,Sunderland,1,2,1.26705,2.66657,0.1162,0.1637,0.7201
29079,2026-03-22 14:15:00,Aston Villa,West Ham,2,0,2.48528,0.760054,0.8124,0.1316,0.056
29086,2026-03-22 14:15:00,Tottenham,Nottingham Forest,0,3,1.6189,1.54408,0.3718,0.2798,0.3484
29091,2026-04-10 19:00:00,West Ham,Wolverhampton Wanderers,4,0,2.54379,0.571967,0.8438,0.1126,0.0436
29092,2026-04-11 11:30:00,Arsenal,Bournemouth,1,2,3.16346,1.39461,0.8221,0.1297,0.0482
29093,2026-04-11 14:00:00,Brentford,Everton,2,2,2.26302,1.57033,0.5424,0.2365,0.2211
29094,2026-04-11 14:00:00,Burnley,Brighton,0,2,0.812029,1.07182,0.2682,0.3324,0.3994
29097,2026-04-11 16:30:00,Liverpool,Fulham,2,0,2.01499,1.42024,0.5162,0.2415,0.2423
29089,2026-04-12 13:00:00,Nottingham Forest,Aston Villa,1,1,0.85045,1.36297,0.216,0.2804,0.5036
29090,2026-04-12 13:00:00,Sunderland,Tottenham,1,0,1.77584,1.01598,0.5697,0.2554,0.1749
29096,2026-04-12 13:00:00,Crystal Palace,Newcastle United,2,1,3.13933,1.27299,0.8241,0.1232,0.0527
29095,2026-04-12 15:30:00,Chelsea,Manchester City,0,3,1.22108,2.40839,0.1456,0.1934,0.661
29088,2026-04-13 19:00:00,Manchester United,Leeds,1,2,1.36555,2.95118,0.0997,0.1434,0.7569
29099,2026-04-18 11:30:00,Brentford,Fulham,0,0,2.33552,0.790707,0.7631,0.1594,0.0775
29103,2026-04-18 14:00:00,Leeds,Wolverhampton Wanderers,3,0,3.55804,0.568627,0.9601,0.032,0.0079
29105,2026-04-18 14:00:00,Newcastle United,Bournemouth,1,2,1.61167,3.36662,0.0545,0.1232,0.8223
29107,2026-04-18 16:30:00,Tottenham,Brighton,2,2,1.56052,1.1373,0.4794,0.273,0.2476
29100,2026-04-18 19:00:00,Chelsea,Manchester United,0,1,1.28109,0.436043,0.5816,0.298,0.1204
29098,2026-04-19 13:00:00,Aston Villa,Sunderland,4,3,3.90223,1.56008,0.8626,0.0885,0.0489
29102,2026-04-19 13:00:00,Everton,Liverpool,1,2,1.4784,1.38333,0.3918,0.2837,0.3245
29106,2026-04-19 13:00:00,Nottingham Forest,Burnley,4,1,1.4425,0.601418,0.5978,0.2837,0.1185
29104,2026-04-19 15:30:00,Manchester City,Arsenal,2,1,2.61528,2.28964,0.4488,0.2479,0.3033
29101,2026-04-20 19:00:00,Crystal Palace,West Ham,0,0,0.733442,0.622445,0.3437,0.3864,0.2699
29110,2026-04-21 19:00:00,Brighton,Chelsea,3,0,2.51784,0.297865,0.9033,0.0788,0.0179
29108,2026-04-22 19:00:00,Bournemouth,Leeds,2,2,1.91355,1.21601,0.5513,0.2434,0.2053
29111,2026-04-22 19:00:00,Burnley,Manchester City,0,1,0.973776,3.40888,0.0443,0.091,0.8647
29115,2026-04-24 19:00:00,Sunderland,Nottingham Forest,0,5,0.614323,1.54208,0.1184,0.2415,0.6401
29112,2026-04-25 11:30:00,Fulham,Aston Villa,1,0,1.24069,0.906156,0.4402,0.3154,0.2444
29113,2026-04-25 14:00:00,Liverpool,Crystal Palace,3,1,1.45071,2.19912,0.2143,0.2313,0.5544
29116,2026-04-25 14:00:00,West Ham,Everton,2,1,1.8356,1.1144,0.5617,0.2554,0.1829
29117,2026-04-25 14:00:00,Wolverhampton Wanderers,Tottenham,0,1,0.762656,1.06403,0.2136,0.3485,0.4379
29109,2026-04-25 16:30:00,Arsenal,Newcastle United,1,0,0.639189,0.868897,0.2295,0.3637,0.4068
29114,2026-04-27 19:00:00,Manchester United,Brentford,2,1,1.84852,1.30383,0.5285,0.2585,0.213
29124,2026-05-01 20:00:00,Leeds,Burnley,3,1,2.09546,0.434597,0.8238,0.1368,0.0394
29127,2026-05-02 15:00:00,Wolverhampton Wanderers,Sunderland,1,1,1.96131,0.923954,0.64,0.2208,0.1392
29121,2026-05-02 15:00:00,Brentford,West Ham,3,0,2.27374,0.753895,0.7785,0.1517,0.0698
29126,2026-05-02 15:00:00,Newcastle United,Brighton,3,1,3.12933,1.87112,0.6723,0.171,0.1567
29119,2026-05-02 17:30:00,Arsenal,Fulham,3,0,4.09079,0.696714,0.9613,0.0311,0.0076
29118,2026-05-03 14:00:00,Bournemouth,Crystal Palace,3,0,2.29626,0.678329,0.7987,0.1448,0.0565
29125,2026-05-03 15:30:00,Manchester United,Liverpool,3,2,2.55612,1.02814,0.7491,0.1546,0.0963
29120,2026-05-03 19:00:00,Aston Villa,Tottenham,1,2,0.609494,1.12225,0.1665,0.3396,0.4939
29122,2026-05-04 15:00:00,Chelsea,Nottingham Forest,1,3,2.17132,2.31019,0.3108,0.2818,0.4074
29123,2026-05-04 20:00:00,Everton,Manchester City,3,3,1.68558,1.41706,0.4424,0.2639,0.2937
29132,2026-05-09 12:30:00,Liverpool,Chelsea,1,1,0.623191,0.597184,0.2937,0.4218,0.2845
29135,2026-05-09 15:00:00,Sunderland,Manchester United,0,0,1.2376,0.535981,0.5615,0.2908,0.1477
29131,2026-05-09 15:00:00,Fulham,Bournemouth,0,1,1.24334,0.998003,0.4114,0.3148,0.2738
29128,2026-05-09 15:00:00,Brighton,Wolverhampton Wanderers,3,0,2.22427,0.515647,0.8144,0.1409,0.0447
29133,2026-05-09 17:30:00,Manchester City,Brentford,3,0,4.37429,0.670038,0.9871,0.0121,0.0008
29129,2026-05-10 14:00:00,Burnley,Aston Villa,2,2,1.71234,1.75493,0.3632,0.2585,0.3783
29130,2026-05-10 14:00:00,Crystal Palace,Everton,2,2,3.28826,2.10265,0.6403,0.1732,0.1865
29134,2026-05-10 14:00:00,Nottingham Forest,Newcastle United,1,1,1.46434,1.65067,0.3112,0.2674,0.4214
29137,2026-05-10 16:30:00,West Ham,Arsenal,0,1,1.32011,1.42953,0.3272,0.2963,0.3765
29136,2026-05-11 20:00:00,Tottenham,Leeds,1,1,1.49036,1.86976,0.2655,0.2596,0.4749
29084,2026-05-13 20:00:00,Manchester City,Crystal Palace,3,0,1.95679,0.428862,0.7928,0.1582,0.049
29140,2026-05-15 20:00:00,Aston Villa,Liverpool,4,2,2.5252,1.55027,0.6252,0.2086,0.1662
29145,2026-05-17 12:30:00,Manchester United,Nottingham Forest,3,2,4.28532,1.84418,0.8387,0.1022,0.0591
29147,2026-05-17 15:00:00,Wolverhampton Wanderers,Fulham,1,1,1.49725,1.48412,0.3551,0.2872,0.3577
29144,2026-05-17 15:00:00,Leeds,Brighton,1,0,0.747756,2.23238,0.0717,0.1873,0.741
29141,2026-05-17 15:00:00,Brentford,Crystal Palace,2,2,1.54564,1.82274,0.2919,0.2635,0.4446
29143,2026-05-17 15:00:00,Everton,Sunderland,1,3,1.32181,1.28383,0.3601,0.3159,0.324
29146,2026-05-17 17:30:00,Newcastle United,West Ham,3,1,2.1336,0.957771,0.6787,0.1995,0.1218
29139,2026-05-18 20:00:00,Arsenal,Burnley,1,0,1.22695,0.194884,0.6915,0.2601,0.0484
29138,2026-05-19 19:30:00,Bournemouth,Manchester City,1,1,1.71486,1.26917,0.4866,0.2553,0.2581
29142,2026-05-19 20:15:00,Chelsea,Tottenham,2,1,1.09262,2.15227,0.1187,0.2128,0.6685
29153,2026-05-24 15:00:00,Manchester City,Aston Villa,1,2,1.38085,2.4397,0.1618,0.189,0.6492
29155,2026-05-24 15:00:00,Sunderland,Chelsea,2,1,2.33109,0.920885,0.7359,0.1755,0.0886
29154,2026-05-24 15:00:00,Nottingham Forest,Bournemouth,1,1,2.05852,1.33684,0.5595,0.2329,0.2076
29152,2026-05-24 15:00:00,Liverpool,Brentford,1,1,2.99412,1.46082,0.7222,0.1661,0.1117
29156,2026-05-24 15:00:00,Tottenham,Everton,1,0,1.40597,0.268476,0.7598,0.198,0.0422
29150,2026-05-24 15:00:00,Crystal Palace,Arsenal,1,2,1.00492,3.90645,0.0213,0.0507,0.928
29149,2026-05-24 15:00:00,Burnley,Wolverhampton Wanderers,1,1,1.28476,2.8433,0.0878,0.1555,0.7567
29148,2026-05-24 15:00:00,Brighton,Manchester United,0,3,0.702398,2.32868,0.0517,0.1288,0.8195
29151,2026-05-24 15:00:00,Fulham,Newcastle United,2,0,1.72878,0.24232,0.7857,0.1784,0.0359
29157,2026-05-24 15:00:00,West Ham,Leeds,3,0,2.73135,1.94969,0.5581,0.2217,0.2202
