match_id,date,home_team,away_team,home_xg,away_xg,pred_home_xg,pred_away_xg,home_win_prob,draw_prob,away_win_prob,over_1_5_prob,over_2_5_prob,over_3_5_prob,btts_yes_prob,btts_no_prob,expected_total_goals,most_likely_home_goals,most_likely_away_goals,most_likely_score_prob,home_goals,away_goals,over_2_5,btts,cal_home_win_prob,cal_draw_prob,cal_away_win_prob,cal_over_2_5_prob,cal_btts_yes_prob,predicted_result,prediction_probability,prediction_margin,confidence,recommendation,fair_home_odds,fair_draw_odds,fair_away_odds,1x2_probability_spread,xg_difference,pred_total_xg,most_likely_score,most_likely_score_probability,best_goal_market,best_goal_market_probability,goal_market_recommendation,best_goal_market_fair_odds,signal_strength
29057,2026-02-27 20:00:00,Wolverhampton Wanderers,Aston Villa,1.50771,1.31328,1.355219869230681,1.5645166796547316,0.3251189525282877,0.2567482743624547,0.4181327731092575,0.7942574292392306,0.5585888162342789,0.3347915766318396,0.5925872430136425,0.4074127569863575,2.919736548885413,1,1,0.1201031046138967,2,0,0,0,0.297251050516239,0.3016379794437349,0.4011109700400261,0.5694444444444444,0.5755395683453237,AWAY,0.4011109700400261,0.09947299059629122,LOW,PASS,3.3641596834167267,3.315232391637645,2.4930756690603895,0.10385991952378709,-0.20929681042405068,2.9197365488854126,1-1,0.1143837909929097,BTTS YES,0.5755395683453237,LEAN,1.7375,MODERATE
29048,2026-02-28 12:30:00,Bournemouth,Sunderland,1.82434,1.07887,1.5648942027769106,1.0101173492984632,0.4961312528898826,0.2653738168045753,0.2384949303055422,0.7337709749962961,0.4752788386447331,0.2585716331984191,0.5088853080365779,0.491114691963422,2.575011552075374,1,1,0.1263959528119991,1,1,0,1,0.4933221580563724,0.2567707006503925,0.249907141293235,0.4578313253012048,0.4716981132075472,HOME,0.4933221580563724,0.23655145740597994,LOW,PASS,2.027072945476187,3.8945253390166013,4.001486291368618,0.24341501676313743,0.5547768534784474,2.575011552075374,1-1,0.12037699679274455,BTTS YES,0.4716981132075472,PASS,2.12,WEAK
29054,2026-02-28 15:00:00,Liverpool,West Ham,2.09939,1.3517,1.7280670912274665,1.210019602521761,0.489751778398135,0.2480579862989033,0.2621902353029616,0.7969487029337119,0.5627956854860227,0.3388984743586531,0.5826855380986861,0.4173144619013139,2.938086693749228,1,1,0.1162916199350588,5,2,1,1,0.4643936630002794,0.2675726945976673,0.2680336424020531,0.5694444444444444,0.5755395683453237,HOME,0.4643936630002794,0.19636002059822633,LOW,PASS,2.1533454904172507,3.7373021245820275,3.73087494181044,0.1968209684026121,0.5180474887057054,2.9380866937492276,1-1,0.11075368048148394,BTTS YES,0.5755395683453237,LEAN,1.7375,MODERATE
29056,2026-02-28 15:00:00,Newcastle United,Everton,1.11889,2.40731,2.316838847910513,1.310281786636564,0.5953105874575219,0.2017707864865359,0.2029186260559421,0.8809852443346826,0.702016737459428,0.4905169162301561,0.6622980800093089,0.3377019199906911,3.627120634547077,2,1,0.0935193795357201,2,3,1,1,0.5430751217323323,0.2459838893563951,0.2109409889112725,0.631578947368421,0.6666666666666666,HOME,0.5430751217323323,0.2970912323759372,MEDIUM,LEAN,1.8413658810408078,4.0653068890668065,4.740662330072924,0.3321341328210598,1.0065570612739492,3.627120634547077,2-1,0.0935164226541452,BTTS YES,0.6666666666666666,STRONG,1.5,MODERATE
29051,2026-02-28 15:00:00,Burnley,Brentford,0.823824,2.44595,1.065299592083765,2.233713366555793,0.1647723805914113,0.2019079758022748,0.6333196436063139,0.8456713414269429,0.6403671010478565,0.4194305582803033,0.5895562654178166,0.4104437345821834,3.2990129586395582,1,2,0.0981213220173249,3,4,1,1,0.140123276782139,0.2983195868205175,0.5615571363973434,0.5769230769230769,0.5755395683453237,AWAY,0.5615571363973434,0.2632375495768259,MEDIUM,LEAN,7.136573044568326,3.3521097647592444,1.7807626956990992,0.4214338596152044,-1.1684137744720282,3.2990129586395582,1-2,0.09811909355977443,OVER 2.5,0.5769230769230769,LEAN,1.7333333333333334,MODERATE
29053,2026-02-28 17:30:00,Leeds,Manchester City,1.37824,2.46834,1.3437640977143677,1.7415782362726129,0.2916885023973191,0.2448850062491158,0.4634264913535649,0.8185898519058767,0.595654788839145,0.3718791781327976,0.6149577428628111,0.3850422571371888,3.0853423339869805,1,1,0.1123334891201529,0,1,0,0,0.2595117481528512,0.3059598197510649,0.434528432096084,0.5694444444444444,0.5755395683453237,AWAY,0.434528432096084,0.1285686123450191,LOW,PASS,3.8533900955073705,3.268403023683372,2.3013453807296034,0.17501668394323278,-0.3978141385582452,3.0853423339869805,1-1,0.10698400995459864,BTTS YES,0.5755395683453237,LEAN,1.7375,MODERATE
29050,2026-03-01 14:00:00,Brighton,Nottingham Forest,1.20107,0.83055,1.8485834042809803,1.009929997941528,0.5648229824638592,0.236787066047162,0.1983899514889786,0.7840519315854231,0.544374713336798,0.3211025419592845,0.5410028534990692,0.4589971465009308,2.858513402222508,1,1,0.1124306623715491,2,1,1,1,0.550310572907583,0.2397929722722888,0.2098964548201281,0.4578313253012048,0.5,HOME,0.550310572907583,0.3105176006352942,MEDIUM,LEAN,1.8171557103045812,4.170264001167157,4.764253883453894,0.3404141180874549,0.8386534063394524,2.858513402222508,1-1,0.1070763910306574,BTTS YES,0.5,PASS,2.0,MODERATE
29052,2026-03-01 14:00:00,Fulham,Tottenham,2.3207,0.952091,1.732596284099293,1.5733679500212534,0.413846074378199,0.2392786649485157,0.3468752606732853,0.8471236422193923,0.6417688221939128,0.4209772435962101,0.6574903039385858,0.3425096960614142,3.3059642341205464,1,1,0.1049436776243459,2,1,1,1,0.3699511214005169,0.2927855853909434,0.3372632932085396,0.5769230769230769,0.6666666666666666,HOME,0.3699511214005169,0.0326878281919773,LOW,PASS,2.703059788585906,3.4154686907306075,2.9650425057721037,0.07716553600957349,0.1592283340780396,3.3059642341205464,1-1,0.09994605430275884,BTTS YES,0.6666666666666666,STRONG,1.5,MODERATE
29055,2026-03-01 14:00:00,Manchester United,Crystal Palace,2.34609,0.384699,1.9676214678079569,1.0587742524477988,0.5797790330617401,0.2261271173263134,0.1940938496119465,0.8098092149711811,0.5826945819651876,0.3586770319910576,0.5668706725465422,0.4331293274534578,3.0263957202557554,1,1,0.1060694639349364,2,1,1,1,0.5565778949612523,0.2384527856406571,0.2049693193980906,0.5694444444444444,0.5755395683453237,HOME,0.5565778949612523,0.31812510932059523,MEDIUM,LEAN,1.7966937046064644,4.193702318525132,4.878778945729941,0.3516085755631617,0.9088472153601581,3.0263957202557554,1-1,0.10101781310480068,BTTS YES,0.5755395683453237,LEAN,1.7375,MODERATE
29049,2026-03-01 16:30:00,Arsenal,Chelsea,1.71598,1.35268,2.204985816735921,1.0033006976067091,0.6419440489923436,0.2022654014223915,0.1557905495852649,0.8343448359014327,0.621815344780301,0.3993123639456609,0.5679768557876279,0.4320231442123721,3.20828651434263,2,1,0.0986007834356639,2,1,1,1,0.6149414429075578,0.2172335065019916,0.1678250505904506,0.5769230769230769,0.5755395683453237,HOME,0.6149414429075578,0.39770793640556623,HIGH,STRONG,1.6261710956929711,4.603341427860403,5.958586018486211,0.4471163923171072,1.2016851191292117,3.20828651434263,2-1,0.09859879095941905,OVER 2.5,0.5769230769230769,LEAN,1.7333333333333334,MODERATE
29058,2026-03-03 19:30:00,Bournemouth,Brentford,2.3177,0.673328,1.791480938755055,1.4214259940526512,0.4585544595595355,0.2399037610399623,0.301541779400502,0.8355977192859473,0.622782194112864,0.4003503948319118,0.637279773241371,0.362720226758629,3.212906932807706,1,1,0.1075918641657892,0,0,0,0,0.4186298222824974,0.281349236127774,0.3000209415897285,0.5769230769230769,0.5833333333333334,HOME,0.4186298222824974,0.11860888069276893,LOW,PASS,2.388745251228628,3.5543014573739686,3.3331006652444826,0.13728058615472338,0.37005494470240374,3.212906932807706,1-1,0.10246810228641055,BTTS YES,0.5833333333333334,LEAN,1.7142857142857142,MODERATE
29061,2026-03-03 19:30:00,Everton,Burnley,1.15845,0.762229,2.194278217339665,0.9667523779712492,0.6483503421284953,0.2018250210819872,0.1498246367895174,0.8281390135337348,0.6118964350307796,0.3887833193284926,0.5551209657121855,0.4448790342878145,3.1610305953109146,2,0,0.1020337013837245,2,0,0,0,0.6248226305448358,0.2130536523266725,0.1621237171284917,0.5769230769230769,0.5755395683453237,HOME,0.6248226305448358,0.4117689782181633,HIGH,STRONG,1.6004541947016473,4.693653401757753,6.168128992548614,0.46269891341634406,1.2275258393684159,3.1610305953109146,2-0,0.10203172836068666,OVER 2.5,0.5769230769230769,LEAN,1.7333333333333334,MODERATE
29063,2026-03-03 19:30:00,Leeds,Sunderland,0.888232,0.843856,1.746321260640231,1.1072264149789504,0.5177809672357491,0.2471968393010543,0.2350221934631967,0.7834555396266721,0.5432110096509977,0.3199950864381421,0.5583230296473726,0.4416769703526274,2.8535476756191813,1,1,0.1170229123493011,0,1,0,0,0.4992037577962659,0.2566919728630518,0.2441042693406823,0.4578313253012048,0.5755395683453237,HOME,0.4992037577962659,0.24251178493321413,LOW,PASS,2.0031900489180976,3.8957197953888176,4.0966100375915895,0.2550994884555836,0.6390948456612806,2.8535476756191813,1-1,0.11145012762755857,BTTS YES,0.5755395683453237,LEAN,1.7375,MODERATE
29067,2026-03-03 20:15:00,Wolverhampton Wanderers,Liverpool,0.636033,2.17217,0.9438307157275564,1.9899897443702672,0.1668876513780748,0.2210375200629651,0.61207482855896,0.7957404208882186,0.5618171788929701,0.3379395184985858,0.5323570908148961,0.4676429091851038,2.933820460097824,0,2,0.1053253939028364,2,1,1,1,0.1483164864234518,0.2973289052916489,0.5543546082848992,0.5694444444444444,0.5,AWAY,0.5543546082848992,0.25702570299325034,MEDIUM,LEAN,6.742338792633912,3.363278787237667,1.8038994987231538,0.40603812186144744,-1.0461590286427107,2.9338204600978237,0-1,0.10585437237737719,OVER 2.5,0.5694444444444444,LEAN,1.7560975609756098,MODERATE
29062,2026-03-04 19:30:00,Fulham,West Ham,0.628123,1.49528,1.5616788711647351,1.1560041000432988,0.4610581926779931,0.2630474699007123,0.2758943374212945,0.7604902425298018,0.5106968076174208,0.2898094892987974,0.54746252235631,0.45253747764369,2.717682971208034,1,1,0.1251601461723359,0,1,0,0,0.4461983251232125,0.2712058320960958,0.2825958427806917,0.4578313253012048,0.5755395683453237,HOME,0.4461983251232125,0.16360248234252078,LOW,PASS,2.2411558800088764,3.687236341015234,3.5386224728579934,0.17499249302711672,0.40567477112143635,2.717682971208034,1-1,0.11920003721132964,BTTS YES,0.5755395683453237,LEAN,1.7375,MODERATE
29064,2026-03-04 19:30:00,Manchester City,Nottingham Forest,2.72655,1.23642,2.224977397448764,0.8921693062425443,0.6717330572678266,0.1955228987772747,0.1327440439548985,0.82207033361937,0.6025284379203911,0.378980648910775,0.5308415449740476,0.4691584550259524,3.1171467036913083,2,0,0.1096152841955107,2,2,1,1,0.6538380214087528,0.200801041537927,0.1453609370533202,0.5694444444444444,0.4716981132075472,HOME,0.6538380214087528,0.4530369798708258,HIGH,STRONG,1.529430787529624,4.980053850025083,6.879427308818101,0.5084770843554326,1.33280809120622,3.1171467036913083,2-0,0.10961288253279702,OVER 2.5,0.5694444444444444,LEAN,1.7560975609756098,MODERATE
29059,2026-03-04 19:30:00,Aston Villa,Chelsea,1.06854,3.38883,1.7195504095329797,1.6268776176160236,0.4003642678247476,0.2380584053319228,0.3615773268433296,0.8518872123936467,0.6498111354909526,0.4298938358038943,0.6644454396490032,0.3355545603509968,3.3464280271490034,1,1,0.1034249389321446,1,4,1,1,0.3552127458535644,0.2958551168600483,0.3489321372863873,0.6,0.6666666666666666,HOME,0.3552127458535644,0.006280608567177104,LOW,PASS,2.8152142953007875,3.3800328032624205,2.8658867818163922,0.0593576289935161,0.0926727919169561,3.3464280271490034,1-1,0.09849962336186552,BTTS YES,0.6666666666666666,STRONG,1.5,MODERATE
29060,2026-03-04 19:30:00,Brighton,Arsenal,0.919228,0.514803,0.8749002400781728,1.9837584858286768,0.1531100644175797,0.2193111145166488,0.6275788210657715,0.78369756317687,0.5444070832953409,0.3211324824528385,0.5078665831248426,0.4921334168751574,2.858658725906849,0,2,0.1128369237737887,0,1,0,0,0.1373441481229718,0.2939201636960666,0.5687356881809615,0.4578313253012048,0.4716981132075472,AWAY,0.5687356881809615,0.27481552448489494,MEDIUM,LEAN,7.280980032033435,3.4022844415467457,1.7582860031140122,0.43139154005798974,-1.108858245750504,2.8586587259068494,0-1,0.11375987003383599,BTTS YES,0.4716981132075472,PASS,2.12,MODERATE
29065,2026-03-04 20:15:00,Newcastle United,Manchester United,1.96637,1.80571,1.5443067590300128,1.6419352292904303,0.3565965013186895,0.2450296760480677,0.3983738226332428,0.8322348398142028,0.6172167442957873,0.3944149971514846,0.6395012926899653,0.3604987073100347,3.186241988320443,1,1,0.1100303426961685,2,1,1,1,0.3182940563100678,0.3008557533101722,0.38085019037976,0.5769230769230769,0.5833333333333334,AWAY,0.38085019037976,0.06255613406969218,LOW,PASS,3.1417488959512485,3.323852008803147,2.6257043458554206,0.07999443706958775,-0.09762847026041754,3.186241988320443,1-1,0.10479058862741851,BTTS YES,0.5833333333333334,LEAN,1.7142857142857142,MODERATE
29066,2026-03-05 20:00:00,Tottenham,Crystal Palace,1.29615,1.91515,1.3979947973929174,1.5627996816446954,0.3359630738316742,0.2552389152939161,0.4087980108744097,0.8005748637790591,0.5679686316871073,0.3439844705336369,0.600793236595692,0.399206763404308,2.960794479037613,1,1,0.1187796224765734,1,3,1,1,0.3063424014529099,0.3008813689869115,0.3927762295601786,0.5694444444444444,0.5755395683453237,AWAY,0.3927762295601786,0.08643382810726868,LOW,PASS,3.2643212146187905,3.323569031100429,2.545978918122861,0.09189486057326712,-0.16480488425177797,2.960794479037613,1-1,0.11312332584783244,BTTS YES,0.5755395683453237,LEAN,1.7375,MODERATE
29070,2026-03-14 15:00:00,Burnley,Bournemouth,1.67695,2.36979,0.8364132477722273,2.0457924105314333,0.1389227816002498,0.2111276845208656,0.6499495338788844,0.7873433797546928,0.5499037372577745,0.3263911027549065,0.4982630400852423,0.5017369599147576,2.8822056583036604,0,2,0.1172118604049689,0,0,0,0,0.1241891866801388,0.2901329840823918,0.5856778292374694,0.5694444444444444,0.4716981132075472,AWAY,0.5856778292374694,0.29554484515507756,MEDIUM,LEAN,8.05223084821061,3.446695325465031,1.7074233479214376,0.4614886425573306,-1.209379162759206,2.8822056583036604,0-2,0.11721066163949365,OVER 2.5,0.5694444444444444,LEAN,1.7560975609756098,MODERATE
29076,2026-03-14 15:00:00,Sunderland,Brighton,0.659083,1.12832,1.315463613076978,1.2191920813305297,0.3826903800280237,0.2802135517924722,0.3370960681795038,0.7260987695161281,0.4650451903115906,0.2498568247770164,0.521828498895766,0.478171501104234,2.534655694407508,1,1,0.1335221721315795,0,1,0,0,0.37348842424628,0.2868399879947089,0.3396715877590112,0.4578313253012048,0.4716981132075472,HOME,0.37348842424628,0.0338168364872688,LOW,PASS,2.6774591528989276,3.486264265282448,2.9440201536946797,0.08664843625157109,0.0962715317464482,2.5346556944075074,1-1,0.12716394462267613,BTTS YES,0.4716981132075472,PASS,2.12,WEAK
29068,2026-03-14 17:30:00,Arsenal,Everton,1.90855,1.17847,2.0183727385827743,1.0169497605354,0.6006155228254265,0.2203450268037131,0.1790394503708604,0.8109963473314056,0.5846731107610025,0.360675497795266,0.5584226821333913,0.4415773178666087,3.035322499118174,1,1,0.1035786595965179,2,0,0,0,0.579017141866298,0.230318814041631,0.1906640440920709,0.5694444444444444,0.5755395683453237,HOME,0.579017141866298,0.34869832782466703,MEDIUM,LEAN,1.7270645853018838,4.341807698867563,5.2448273861069685,0.3883530977742271,1.0014229780473742,3.035322499118174,2-1,0.0995516434425314,BTTS YES,0.5755395683453237,LEAN,1.7375,MODERATE
29071,2026-03-14 17:30:00,Chelsea,Newcastle United,1.72508,1.03251,1.801767720506272,1.1512226038992377,0.520632035384236,0.2421388774551272,0.2372290871606369,0.799130812716356,0.5661943282496932,0.3422351807301619,0.5763382854668494,0.4236617145331506,2.95299032440551,1,1,0.1136531281354531,0,1,0,0,0.4965485457296154,0.2580902388507824,0.2453612154196021,0.5694444444444444,0.5755395683453237,HOME,0.4965485457296154,0.23845830687883296,LOW,PASS,2.0139017797960244,3.87461379575134,4.075623762662977,0.2511873303100133,0.6505451166070344,2.95299032440551,1-1,0.10824072868776242,BTTS YES,0.5755395683453237,LEAN,1.7375,MODERATE
29077,2026-03-14 20:00:00,West Ham,Manchester City,0.488982,1.9546,1.292273380922781,1.4179778079322325,0.3364936447904465,0.2692127648765114,0.394293590333042,0.7592882493176893,0.5088831153108533,0.2881688316412548,0.5557656338955949,0.4442343661044051,2.710251188855014,1,1,0.1279870977006289,1,1,0,1,0.3170445351129417,0.29763241091536,0.3853230539716982,0.4578313253012048,0.5755395683453237,AWAY,0.3853230539716982,0.06827851885875647,LOW,PASS,3.154131010786125,3.359849140503645,2.5952249409749815,0.08769064305633817,-0.1257044270094514,2.710251188855014,1-1,0.12189241921216956,BTTS YES,0.5755395683453237,LEAN,1.7375,MODERATE
29075,2026-03-15 14:00:00,Nottingham Forest,Fulham,0.821011,0.933988,1.1316249083003516,1.271352787560076,0.3218630210710064,0.2885865508597171,0.3895504280692765,0.6987130334980812,0.4310689532874008,0.2218995881098048,0.4939938083086543,0.5060061916913456,2.402977695860428,1,1,0.1366337494764331,0,0,0,0,0.3168000695982251,0.2950861484150222,0.3881137819867528,0.4578313253012048,0.4716981132075472,AWAY,0.3881137819867528,0.07131371238852768,LOW,PASS,3.1565649630955845,3.3888408702720803,2.5765640036821273,0.0930276335717306,-0.13972787925972452,2.402977695860428,1-1,0.13012736160578323,BTTS YES,0.4716981132075472,PASS,2.12,WEAK
29074,2026-03-15 14:00:00,Manchester United,Aston Villa,1.67823,1.21071,2.0434584931397177,1.120426280459735,0.5817748753614898,0.2203842055755772,0.1978409190629328,0.8288652528535434,0.6125040420726996,0.3894256862945384,0.5913778315922663,0.4086221684077337,3.1638847735994524,1,1,0.1015979901626658,3,1,1,1,0.551029165672422,0.2410980044410196,0.2078728298865584,0.5769230769230769,0.5755395683453237,HOME,0.551029165672422,0.3099311612314024,MEDIUM,LEAN,1.814785971954312,4.147690904030823,4.810633503886612,0.3431563357858636,0.9230322126799828,3.1638847735994524,2-1,0.0988615087851496,OVER 2.5,0.5769230769230769,LEAN,1.7333333333333334,MODERATE
29072,2026-03-15 14:00:00,Crystal Palace,Leeds,0.525205,1.13558,1.2848237906359756,1.5550383900747922,0.3093505412041705,0.2598689599573921,0.4307804988384375,0.7814597596175911,0.539993528395104,0.3169423821249964,0.5763903499100193,0.4236096500899807,2.839862180710768,1,1,0.1225851608804572,0,0,0,0,0.2847794710763059,0.3022901094160952,0.4129304195075987,0.4578313253012048,0.5755395683453237,AWAY,0.4129304195075987,0.11064031009150349,LOW,PASS,3.511489069842582,3.308080446070843,2.421715506434367,0.12815094843129277,-0.27021459943881654,2.839862180710768,1-1,0.11674766691867228,BTTS YES,0.5755395683453237,LEAN,1.7375,MODERATE
29073,2026-03-15 16:30:00,Liverpool,Tottenham,1.30076,1.15636,2.215106203782556,1.156242334330299,0.6090581466142143,0.2063002986584937,0.184641554727292,0.8542684247235662,0.6546934360213686,0.4353569899250325,0.6149315050487401,0.3850684949512599,3.371348538112855,2,1,0.097422455267263,1,1,0,1,0.5699333409778677,0.2352246538001954,0.1948420052219368,0.6,0.5755395683453237,HOME,0.5699333409778677,0.3347086871776723,MEDIUM,LEAN,1.754591156720612,4.251255061254848,5.132363521207553,0.37509133575593095,1.0588638694522572,3.371348538112855,2-1,0.09742040056688821,OVER 2.5,0.6,LEAN,1.6666666666666667,MODERATE
29069,2026-03-16 20:00:00,Brentford,Wolverhampton Wanderers,2.7966,1.80044,2.8775278386948937,0.7987079292172505,0.79511420319126,0.1326714776992336,0.0722143191095063,0.8844922103497368,0.7104635053286396,0.5007726469081739,0.5220381343511555,0.4779618656488444,3.676235767912144,2,0,0.1048406612662397,2,2,1,1,0.766978177580391,0.1495589380219336,0.0834628843976753,0.631578947368421,0.4716981132075472,HOME,0.766978177580391,0.6174192395584575,HIGH,STRONG,1.3038180605799372,6.686327231431296,11.981373603568548,0.6835152931827158,2.078819909477643,3.6762357679121442,2-0,0.10481903665552933,OVER 2.5,0.631578947368421,LEAN,1.5833333333333335,MODERATE
29078,2026-03-20 20:00:00,Bournemouth,Manchester United,1.76664,1.74574,1.5369216245091488,1.505143231117967,0.3808987364419806,0.2520919599033945,0.3670093036546246,0.8125682474313473,0.5861673096195544,0.3621906691908059,0.6162298293397487,0.3837701706602513,3.042064855627116,1,1,0.1159491101907828,2,2,1,1,0.3475650042157698,0.295317501283588,0.3571174945006422,0.5694444444444444,0.5755395683453237,AWAY,0.3571174945006422,0.009552490284872373,LOW,PASS,2.877159633077431,3.386186039274788,2.800198857236891,0.06179999321705415,0.031778393391181714,3.0420648556271157,1-1,0.11042758402683345,BTTS YES,0.5755395683453237,LEAN,1.7375,MODERATE
29080,2026-03-21 12:30:00,Brighton,Liverpool,3.42956,0.956801,1.1038493353487215,1.4321564965256943,0.2846264755364169,0.2759559765869277,0.4394175478766555,0.7262706417418543,0.4653889332914713,0.2501472798860146,0.5150552355335428,0.4849447644664572,2.536005831874416,1,1,0.1314366262557187,2,1,1,1,0.2722986909063968,0.3007783999836229,0.4269229091099804,0.4578313253012048,0.4716981132075472,AWAY,0.4269229091099804,0.1261445091263575,LOW,PASS,3.6724377802600303,3.3247068275329914,2.3423432630606107,0.15462421820358357,-0.3283071611769728,2.536005831874416,1-1,0.12517769175204252,BTTS YES,0.4716981132075472,PASS,2.12,WEAK
29082,2026-03-21 15:00:00,Fulham,Burnley,3.48438,1.92556,1.6192826848742947,1.0370955655544585,0.5033868715186002,0.2596551635218576,0.2369579649595422,0.7492092746747088,0.4956294520605429,0.2763143258614077,0.5235730968334567,0.4764269031665433,2.6563782504287534,1,1,0.123788653117547,3,1,1,1,0.4958286823778309,0.2565325986678219,0.2476387189543472,0.4578313253012048,0.4716981132075472,HOME,0.4958286823778309,0.239296083710009,LOW,PASS,2.0168256406715517,3.898140061703724,4.038140740763372,0.2481899634234837,0.5821871193198362,2.6563782504287534,1-1,0.11789381817838926,BTTS YES,0.4716981132075472,PASS,2.12,WEAK
29081,2026-03-21 17:30:00,Everton,Chelsea,1.44532,1.35143,1.6752238251656204,1.7012541824202725,0.3760576381780049,0.2370311553044674,0.3869112065175276,0.8553346865542011,0.655699628390206,0.4364917062573961,0.6693151220694692,0.3306848779305308,3.376478007585893,1,1,0.1022461739624679,3,0,1,0,0.3306049450891924,0.3002265398211005,0.3691685150897072,0.6,0.6666666666666666,AWAY,0.3691685150897072,0.0385635700005148,LOW,PASS,3.0247581436817725,3.33081812352726,2.7087900487857204,0.06894197526860674,-0.02603035725465208,3.376478007585893,1-1,0.0973769751686587,BTTS YES,0.6666666666666666,STRONG,1.5,MODERATE
29083,2026-03-21 20:00:00,Leeds,Brentford,0.417296,0.302221,1.5589190996600724,1.5679487065028286,0.3740175125734242,0.2480667179128524,0.3779157695137234,0.8243758959824922,0.6046242668004022,0.3811659141502348,0.6303787124393162,0.3696212875606838,3.1268678061629007,1,1,0.1125547967885216,0,0,0,0,0.3374507073233274,0.2975737583452245,0.3649755343314481,0.5694444444444444,0.5755395683453237,AWAY,0.3649755343314481,0.0275248270081207,LOW,PASS,2.963395773954781,3.3605113756027816,2.739909681430488,0.0674017759862236,-0.009029606842756221,3.1268678061629007,1-1,0.10719486836863913,BTTS YES,0.5755395683453237,LEAN,1.7375,MODERATE
29085,2026-03-22 12:00:00,Newcastle United,Sunderland,1.26705,2.66657,2.104054267791029,1.157675698982795,0.5860365227925151,0.215818485741237,0.198144991466248,0.8413469559840918,0.6328250625493228,0.4111855471854585,0.6068116285443591,0.3931883714556409,3.261729966773824,2,1,0.0982031065616298,1,2,1,1,0.5504787267678362,0.2417569327301017,0.207764340502062,0.5769230769230769,0.5755395683453237,HOME,0.5504787267678362,0.3087217940377345,MEDIUM,LEAN,1.816600626642833,4.136386033307279,4.813145497362553,0.34271438626577416,0.946378568808234,3.261729966773824,2-1,0.09820180473256508,OVER 2.5,0.5769230769230769,LEAN,1.7333333333333334,MODERATE
29079,2026-03-22 14:15:00,Aston Villa,West Ham,2.48528,0.760054,1.4000306117353989,1.4027361312483553,0.3671013264108173,0.2645708192296894,0.3683278543594931,0.7753469689709646,0.5312053115354171,0.3086777884171114,0.5740840326823112,0.4259159673176887,2.802766742983754,1,1,0.1250480523244014,2,0,0,0,0.3438915289663889,0.294278488277944,0.361829982755667,0.4578313253012048,0.5755395683453237,AWAY,0.361829982755667,0.017938453789278108,LOW,PASS,2.907893669278889,3.398141691741691,2.763728954643513,0.06755149447772302,-0.002705519512956389,2.802766742983754,1-1,0.11909331514201267,BTTS YES,0.5755395683453237,LEAN,1.7375,MODERATE
29086,2026-03-22 14:15:00,Tottenham,Nottingham Forest,1.6189,1.54408,1.4698247478204371,1.633709617301034,0.3403924176438085,0.2482964162059955,0.4113111661501958,0.8211806330021638,0.5996007443022635,0.3759495012419319,0.6251097948971718,0.3748902051028282,3.103534365121471,1,1,0.1131833674359582,0,3,1,0,0.3054920891544244,0.3019822329819063,0.3925256778636691,0.5694444444444444,0.5755395683453237,AWAY,0.3925256778636691,0.08703358870924471,LOW,PASS,3.2734071863134435,3.3114530948577907,2.547604033047023,0.0905434448817628,-0.16388486948059677,3.103534365121471,1-1,0.10779349961392354,BTTS YES,0.5755395683453237,LEAN,1.7375,MODERATE
29091,2026-04-10 19:00:00,West Ham,Wolverhampton Wanderers,2.54379,0.571967,1.7022136471109428,0.9455568576869094,0.5461313307128178,0.2511178623880655,0.2027508068991168,0.7474033833938569,0.4934948313366204,0.2744270780264591,0.5057644293648401,0.4942355706351599,2.6477705047978524,1,1,0.1196684595588561,4,0,1,0,0.5436453015588041,0.2409108098418385,0.2154438885993573,0.4578313253012048,0.4716981132075472,HOME,0.5436453015588041,0.3027344917169656,MEDIUM,LEAN,1.8394346408084128,4.150913778657399,4.641579793704963,0.32820141295944677,0.7566567894240334,2.6477705047978524,1-0,0.1205318849773299,BTTS YES,0.4716981132075472,PASS,2.12,MODERATE
29092,2026-04-11 11:30:00,Arsenal,Bournemouth,3.16346,1.39461,1.5358713402211122,1.1152487310698234,0.4638406436671384,0.2662879381394735,0.269871418193388,0.7483765973477983,0.4943264574909459,0.2751618415354507,0.5335143291622073,0.4664856708377927,2.6511200712909355,1,1,0.1269256421509939,1,2,1,1,0.4531803379834522,0.268873971099442,0.2779456909171056,0.4578313253012048,0.5,HOME,0.4531803379834522,0.17523464706634662,LOW,PASS,2.206627066941538,3.71921460419147,3.5978251603772464,0.1843063668840102,0.4206226091512888,2.6511200712909355,1-1,0.12088147659372622,BTTS YES,0.5,PASS,2.0,WEAK
29093,2026-04-11 14:00:00,Brentford,Everton,2.26302,1.57033,1.8278911479773905,1.1563625264993622,0.525523000533436,0.2398429644216621,0.2346340350449018,0.803832010760411,0.5732712838257321,0.3492379490636492,0.5805413465012881,0.4194586534987119,2.9842536744767525,1,1,0.1122510262098503,2,2,1,1,0.5000607687089068,0.2571699102607079,0.2427693210303852,0.5694444444444444,0.5755395683453237,HOME,0.5000607687089068,0.2428908584481989,MEDIUM,LEAN,1.9997569547034706,3.888479795269371,4.119136618068966,0.25729144767852163,0.6715286214780283,2.9842536744767525,1-1,0.10690534898220731,BTTS YES,0.5755395683453237,LEAN,1.7375,MODERATE
29094,2026-04-11 14:00:00,Burnley,Brighton,0.812029,1.07182,1.201796496636509,1.698791772609057,0.2648371296652758,0.250590957364752,0.484571912969972,0.791116373266432,0.5541720626478323,0.3305069011351066,0.5770461130447876,0.4229538869552124,2.900588269245566,1,1,0.1178831456585131,0,2,0,0,0.2397317062393121,0.3052730415598338,0.4549952522008541,0.5694444444444444,0.5755395683453237,AWAY,0.4549952522008541,0.14972221064102026,LOW,PASS,4.171329757281877,3.2757560080980785,2.1978251314995214,0.21526354596154199,-0.496995275972548,2.900588269245566,1-1,0.11226945206392903,BTTS YES,0.5755395683453237,LEAN,1.7375,MODERATE
29097,2026-04-11 16:30:00,Liverpool,Fulham,2.01499,1.42024,1.9554561908551784,1.1397988641605097,0.5582064302742822,0.2284958145565344,0.2132977551691834,0.8196775578490704,0.5978061604958052,0.3740943914911014,0.5889237954438433,0.4110762045561567,3.095255055015688,1,1,0.1059293646302799,2,0,0,0,0.5291829509262485,0.2482941608079431,0.2225228882658083,0.5694444444444444,0.5755395683453237,HOME,0.5291829509262485,0.28088879011830536,MEDIUM,LEAN,1.8897056268529875,4.02748093932626,4.493919739193205,0.30666006266044016,0.8156573266946687,3.095255055015688,1-1,0.10088442430292782,BTTS YES,0.5755395683453237,LEAN,1.7375,MODERATE
29089,2026-04-12 13:00:00,Nottingham Forest,Aston Villa,0.85045,1.36297,1.593690269395797,1.444592764774958,0.4067908665187028,0.2515674374315991,0.3416416960496982,0.8120127835259001,0.5853313990190402,0.361343542268825,0.6144161312706905,0.3855838687293095,3.038283034170755,1,1,0.115832303863228,1,1,0,1,0.3736706164196162,0.2903905008741798,0.335938882706204,0.5694444444444444,0.5755395683453237,HOME,0.3736706164196162,0.03773173371341221,LOW,PASS,2.6761536927405674,3.443638813906242,2.9767319339290417,0.0832801155454364,0.14909750462083915,3.038283034170755,1-1,0.11031632868672107,BTTS YES,0.5755395683453237,LEAN,1.7375,MODERATE
29090,2026-04-12 13:00:00,Sunderland,Tottenham,1.77584,1.01598,1.402581946442366,1.3360027464260422,0.3812344945848718,0.2680191687708812,0.350746336644247,0.7643146162708092,0.5157793946738064,0.2944315684658209,0.5618645380601763,0.4381354619398236,2.7385846928684083,1,1,0.1272251223022706,1,0,0,0,0.3613263772695619,0.2907251465063856,0.3479484762240524,0.4578313253012048,0.5755395683453237,HOME,0.3613263772695619,0.01337790104550951,LOW,PASS,2.7675809542516894,3.439674937021781,2.8739887320445567,0.07060123076317631,0.06657920001632367,2.7385846928684083,1-1,0.12116672654390985,BTTS YES,0.5755395683453237,LEAN,1.7375,MODERATE
29096,2026-04-12 13:00:00,Crystal Palace,Newcastle United,3.13933,1.27299,1.5894194278145577,1.2065048159003735,0.4566232281045532,0.2594989473075698,0.2838778245878769,0.7740810582675139,0.5295737076726247,0.3071551988362028,0.5636272808773825,0.4363727191226175,2.795924243714931,1,1,0.1229427296780411,2,1,1,1,0.4370313580320236,0.2741381569844328,0.2888304849835436,0.4578313253012048,0.5755395683453237,HOME,0.4370313580320236,0.14820087304848,LOW,PASS,2.2881653264037056,3.64779573555237,3.4622384131542625,0.1628932010475908,0.3829146119141842,2.795924243714931,1-1,0.11708819365756522,BTTS YES,0.5755395683453237,LEAN,1.7375,MODERATE
29095,2026-04-12 15:30:00,Chelsea,Manchester City,1.22108,2.40839,1.217075063555611,1.3931228989538815,0.3215969622017964,0.2745654371081049,0.4038376006900986,0.7408109864182688,0.4841273692229577,0.2662186214566157,0.5353590719345593,0.4646409280654406,2.6101979625094924,1,1,0.130888554238261,0,3,1,0,0.3064244908838615,0.2981731064047072,0.3954024027114312,0.4578313253012048,0.5,AWAY,0.3954024027114312,0.0889779118275697,LOW,PASS,3.2634467209705242,3.353756521028126,2.5290691031278594,0.097229296306724,-0.17604783539827062,2.6101979625094924,1-1,0.12465572340929491,BTTS YES,0.5,PASS,2.0,WEAK
29088,2026-04-13 19:00:00,Manchester United,Leeds,1.36555,2.95118,1.477232534735026,1.314969494968986,0.4047165537089681,0.2641716960832765,0.3311117502077554,0.773543003227771,0.5286851077728271,0.3063276989505494,0.570487412109471,0.429512587890529,2.792202029704012,1,1,0.12500177520421,1,2,1,1,0.3829073469465189,0.286841053047148,0.330251600006333,0.4578313253012048,0.5755395683453237,HOME,0.3829073469465189,0.05265574694018588,LOW,PASS,2.6115978394629003,3.4862513206421335,3.027994413897839,0.09606629389937088,0.16226303976603984,2.792202029704012,1-1,0.11904923478651895,BTTS YES,0.5755395683453237,LEAN,1.7375,MODERATE
29099,2026-04-18 11:30:00,Brentford,Fulham,2.33552,0.790707,1.9354345889649764,1.2744927518613225,0.523241134394027,0.2309590535333884,0.2457998120725846,0.8350659534091289,0.6221618991909695,0.3996858113645506,0.6214023882893849,0.3785976117106151,3.209927340826299,1,1,0.1045331772555126,0,0,0,0,0.4858968816856731,0.262761922330572,0.2513411959837547,0.5769230769230769,0.5755395683453237,HOME,0.4858968816856731,0.22313495935510108,LOW,PASS,2.05804984080326,3.805726458120265,3.9786553735689014,0.23455568570191837,0.660941837103654,3.209927340826299,1-1,0.09955478453409597,OVER 2.5,0.5769230769230769,LEAN,1.7333333333333334,MODERATE
29105,2026-04-18 14:00:00,Newcastle United,Bournemouth,1.61167,3.36662,1.980558331322939,2.014487206881175,0.3862210928108637,0.2144636897516974,0.3993152174374387,0.9117286428556582,0.761165907827431,0.5655541871916699,0.7506957255452429,0.2493042744547571,3.9950455382041135,1,1,0.0771120718604919,1,2,1,1,0.3222175920233866,0.3049118914315825,0.3728705165450309,0.6666666666666666,0.999,AWAY,0.3728705165450309,0.05065292452164427,LOW,PASS,3.1034928717592174,3.279635947633694,2.681896142569459,0.06795862511344841,-0.033928875558236316,3.9950455382041143,1-2,0.07397082072484287,BTTS YES,0.999,STRONG,1.001001001001001,MODERATE
29103,2026-04-18 14:00:00,Leeds,Wolverhampton Wanderers,3.55804,0.568627,2.199305986200493,0.9304994834997228,0.6578169701667654,0.1998003580071493,0.142382671826085,0.8238895919960809,0.6052466018046103,0.3818111345687385,0.5429624848052945,0.4570375151947055,3.129805469700216,2,0,0.1057529873066673,3,0,1,0,0.6373181115330749,0.2077958293158098,0.1548860591511152,0.5694444444444444,0.5,HOME,0.6373181115330749,0.42952228221726513,HIGH,STRONG,1.5690751320317733,4.812416126409312,6.456358987249756,0.48243205238195974,1.2688065027007704,3.129805469700216,2-0,0.10575089997352731,OVER 2.5,0.5694444444444444,LEAN,1.7560975609756098,MODERATE
29107,2026-04-18 16:30:00,Tottenham,Brighton,1.56052,1.1373,1.1639187970806997,1.6491210654352275,0.2635608476782559,0.2553569363727914,0.4810822159489528,0.7768928972360769,0.5336482349788845,0.3109640713331931,0.5613036578750612,0.4386963421249388,2.813039862515927,1,1,0.1209699341995551,2,2,1,1,0.241287825511543,0.3045405588380817,0.4541716156503753,0.4578313253012048,0.5755395683453237,AWAY,0.4541716156503753,0.1496310568122936,LOW,PASS,4.1444279166590645,3.283634875483632,2.2018108695938574,0.21288379013883227,-0.48520226835452784,2.813039862515927,1-1,0.11520929833900509,BTTS YES,0.5755395683453237,LEAN,1.7375,MODERATE
29100,2026-04-18 19:00:00,Chelsea,Manchester United,1.28109,0.436043,1.947250402581556,1.4073296055435929,0.4969337431593494,0.2295619323218167,0.2735043245188339,0.8527048271721762,0.6514144309434601,0.4316838135961141,0.6522467173036619,0.3477532826963381,3.3545800081251484,1,1,0.1004926475582507,0,1,0,0,0.4518155256539813,0.2734273321418545,0.2747571422041641,0.6,0.6666666666666666,HOME,0.4518155256539813,0.17705838344981722,LOW,PASS,2.213292689649272,3.657278854190036,3.63957781762386,0.1783881935121268,0.5399207970379631,3.354580008125149,1-1,0.09570663337699155,BTTS YES,0.6666666666666666,STRONG,1.5,MODERATE
29098,2026-04-19 13:00:00,Aston Villa,Sunderland,3.90223,1.56008,1.7727787214217727,1.3752575594475946,0.4639993797933121,0.242080817574784,0.2939198026319038,0.8271319164255972,0.6091447712779445,0.3858932484286125,0.625535160945762,0.374464839054238,3.148036280869367,1,1,0.109914341852315,4,3,1,1,0.4270945925665928,0.2788559210538929,0.2940494863795142,0.5769230769230769,0.5755395683453237,HOME,0.4270945925665928,0.1330451061870786,LOW,PASS,2.3414016880676836,3.5860812860657734,3.4007881200967396,0.14823867151269993,0.3975211619741781,3.148036280869367,1-1,0.10468001723875403,OVER 2.5,0.5769230769230769,LEAN,1.7333333333333334,MODERATE
29102,2026-04-19 13:00:00,Everton,Liverpool,1.4784,1.38333,1.496581739822878,1.7809245413785684,0.3206733578272639,0.2388354084019835,0.4404912337707525,0.8436695396735633,0.6360349175117708,0.4146857375360153,0.6503723149248662,0.3496276850751337,3.2775062812014464,1,1,0.1055683732615218,1,2,1,1,0.2810386876692013,0.3057387827506326,0.413222529580166,0.5769230769230769,0.6666666666666666,AWAY,0.413222529580166,0.10748374682953338,LOW,PASS,3.5582289694472866,3.2707659492960772,2.4200035777720053,0.13218384191096466,-0.28434280155569036,3.2775062812014464,1-1,0.10054096938393771,BTTS YES,0.6666666666666666,STRONG,1.5,MODERATE
29106,2026-04-19 13:00:00,Nottingham Forest,Burnley,1.4425,0.601418,1.7481369518402066,0.829895668730597,0.5862676459782191,0.2440943350571825,0.1696380189645984,0.7338509469256751,0.4760405157990539,0.2592253461084862,0.4712375916447987,0.5287624083552013,2.5780326205708035,1,0,0.1272171388760757,4,1,1,1,0.593988690384487,0.2223140450263104,0.1836972645892025,0.4578313253012048,0.4716981132075472,HOME,0.593988690384487,0.3716746453581766,MEDIUM,LEAN,1.6835337375745374,4.498141356213694,5.443739199036385,0.4102914257952845,0.9182412831096096,2.5780326205708035,1-0,0.13272419858771192,BTTS YES,0.4716981132075472,PASS,2.12,MODERATE
29104,2026-04-19 15:30:00,Manchester City,Arsenal,2.61528,2.28964,1.2905710530304548,1.3782810192574864,0.3437086706075284,0.2719655545803714,0.3843257748121001,0.7517981711273308,0.4987146506063381,0.2790527735832908,0.5483729437205707,0.4516270562794293,2.668852072287941,1,1,0.1294915493550463,2,1,1,1,0.326227455165359,0.2960245216654024,0.3777480231692385,0.4578313253012048,0.5755395683453237,AWAY,0.3777480231692385,0.0515205680038795,LOW,PASS,3.0653459240367047,3.378098524994168,2.647267328125713,0.08172350150383612,-0.08770996622703153,2.668852072287941,1-1,0.12332523940625463,BTTS YES,0.5755395683453237,LEAN,1.7375,MODERATE
29101,2026-04-20 19:00:00,Crystal Palace,West Ham,0.733442,0.622445,1.9571573132152085,1.2398139630174885,0.5358196079736914,0.2291447088831789,0.2350356831431296,0.8333626174827269,0.6194611752979465,0.3968018127269272,0.6151482102075362,0.3848517897924638,3.1969712762326967,1,1,0.1041711757940984,0,0,0,0,0.4998569809730202,0.2583733469490767,0.2417696720779031,0.5769230769230769,0.5755395683453237,HOME,0.4998569809730202,0.24148363402394352,LOW,PASS,2.000572239790275,3.8703682551168557,4.136168078508125,0.2580873088951171,0.71734335019772,3.1969712762326967,1-1,0.09920995988843244,OVER 2.5,0.5769230769230769,LEAN,1.7333333333333334,MODERATE
29110,2026-04-21 19:00:00,Brighton,Chelsea,2.51784,0.297865,1.808158491354792,1.2153955072089286,0.5074528180110428,0.2413850682544858,0.2511621137344714,0.8096849549929569,0.5820648383461974,0.3580428920640058,0.5934225611713203,0.4065774388286797,3.0235539985637203,1,1,0.112210125911744,3,0,1,0,0.4786325805048209,0.2639299384055619,0.257437481089617,0.5694444444444444,0.5755395683453237,HOME,0.4786325805048209,0.214702642099259,LOW,PASS,2.0892852696013406,3.788884300284922,3.8844382557172716,0.22119509941520388,0.5927629841458633,3.0235539985637203,1-1,0.10686643074224259,BTTS YES,0.5755395683453237,LEAN,1.7375,MODERATE
29111,2026-04-22 19:00:00,Burnley,Manchester City,0.973776,3.40888,1.0539994790124343,2.2861813023654616,0.1571455019139784,0.1968361383306729,0.6460183597553486,0.8504895521375044,0.6485692471180624,0.4285053858672345,0.5895026658550279,0.4104973341449721,3.340180781377896,1,2,0.0975937033300897,0,1,0,0,0.1329559294886163,0.2966804010704286,0.5703636694409551,0.5979540616637438,0.5755395683453237,AWAY,0.5703636694409551,0.2736832683705265,MEDIUM,LEAN,7.521289226033504,3.370630471011839,1.7532673513026438,0.4374077399523388,-1.2321818233530273,3.340180781377896,1-2,0.09759097472521905,OVER 2.5,0.5979540616637438,LEAN,1.6723692740168135,MODERATE
29108,2026-04-22 19:00:00,Bournemouth,Leeds,1.91355,1.21601,1.718199654321404,1.7051931725101093,0.3851374767662132,0.2351143290890559,0.3797481941447309,0.8605655321178841,0.6647494907678725,0.4467477127696306,0.676250897749598,0.323749102250402,3.423392826831513,1,1,0.1002946087516748,2,2,1,1,0.3377878856302401,0.2993527481582334,0.3628593662115265,0.631578947368421,0.6666666666666666,AWAY,0.3628593662115265,0.025071480581286387,LOW,PASS,2.9604377259836108,3.3405405701216915,2.7558886255041757,0.0635066180532931,0.013006481811294712,3.4233928268315132,1-1,0.09551830305636014,BTTS YES,0.6666666666666666,STRONG,1.5,MODERATE
29115,2026-04-24 19:00:00,Sunderland,Nottingham Forest,0.614323,1.54208,1.5163180425711813,1.0837170481302587,0.4661369304779076,0.2688202439988543,0.265042825523238,0.7387240536836507,0.4815789042143457,0.2640055231049966,0.522518970750827,0.477481029249173,2.60003509070144,1,1,0.1281489022219917,0,5,1,0,0.4588686919169142,0.2669621180681364,0.2741691900149494,0.4578313253012048,0.4716981132075472,HOME,0.4588686919169142,0.18469950190196482,LOW,PASS,2.1792726712788384,3.7458498128366333,3.647382843949292,0.1919065738487778,0.4326009944409226,2.6000350907014402,1-1,0.12204649605672553,BTTS YES,0.4716981132075472,PASS,2.12,WEAK
29112,2026-04-25 11:30:00,Fulham,Aston Villa,1.24069,0.906156,1.286497870666075,1.7641160873585622,0.2745649810574979,0.2441949646640783,0.4812400542784237,0.8136553462660168,0.5880522701996551,0.3641044306554689,0.6051256781812647,0.3948743218187353,3.050613958024637,1,1,0.1127877413198206,1,0,0,0,0.2444162978526445,0.3063185350361005,0.4492651671112548,0.5694444444444444,0.5755395683453237,AWAY,0.4492651671112548,0.1429466320751543,LOW,PASS,4.091380193488109,3.2645755500304516,2.2258569620029385,0.20484886925861032,-0.47761821669248716,3.050613958024637,1-1,0.1074166054377795,BTTS YES,0.5755395683453237,LEAN,1.7375,MODERATE
29113,2026-04-25 14:00:00,Liverpool,Crystal Palace,1.45071,2.19912,1.795917723414486,1.3028547914090978,0.4850996650144379,0.2415609066208986,0.2733394283646633,0.8204030276108841,0.5985698077738701,0.3748834899586436,0.6126510292413687,0.3873489707586313,3.098772514823584,1,1,0.1108136691605901,3,1,1,1,0.4512832055410327,0.2721757453850953,0.276541049073872,0.5694444444444444,0.5755395683453237,HOME,0.4512832055410327,0.17474215646716068,LOW,PASS,2.2159034232198467,3.6740966708298073,3.616099683388673,0.17910746015593737,0.4930629320053883,3.098772514823584,1-1,0.10553649023964934,BTTS YES,0.5755395683453237,LEAN,1.7375,MODERATE
29116,2026-04-25 14:00:00,West Ham,Everton,1.8356,1.1144,1.6861093778658562,1.4097147919633792,0.4362309861267986,0.2470511279548602,0.3167178859183412,0.8200902729638818,0.597931477003109,0.3742247109455104,0.6211620364578146,0.3788379635421853,3.0958241698292355,1,1,0.1129036052381896,2,1,1,1,0.4010101711934369,0.2848531619567722,0.3141366668497907,0.5694444444444444,0.5755395683453237,HOME,0.4010101711934369,0.08687350434364621,LOW,PASS,2.493702334342103,3.5105806554176664,3.1833278490796664,0.11615700923666472,0.276394585902477,3.0958241698292355,1-1,0.1075270291087944,BTTS YES,0.5755395683453237,LEAN,1.7375,MODERATE
29117,2026-04-25 14:00:00,Wolverhampton Wanderers,Tottenham,0.762656,1.06403,1.2008387850453417,1.927099985399076,0.2306226948267994,0.2314525404517917,0.5379247647214089,0.8242310845092523,0.6048521225113007,0.3814025541059805,0.6023648791941506,0.3976351208058494,3.127938770444418,1,1,0.1064472128831563,0,1,0,0,0.2017569703752851,0.3062549989791861,0.4919880306455287,0.5694444444444444,0.5755395683453237,AWAY,0.4919880306455287,0.18573303166634259,LOW,PASS,4.95645824845563,3.2652528230827755,2.032569773471761,0.2902310602702436,-0.7262612003537343,3.127938770444418,1-1,0.10137769366087306,BTTS YES,0.5755395683453237,LEAN,1.7375,MODERATE
29109,2026-04-25 16:30:00,Arsenal,Newcastle United,0.639189,0.868897,2.5779930933198125,1.2293635493691717,0.6609714705906607,0.1794684674125298,0.1595600619968094,0.8967546489950127,0.7322678882285796,0.5279810120065204,0.6573168326560236,0.3426831673439764,3.807356642688984,2,1,0.0907266496669861,1,0,0,0,0.6065376965538916,0.2229151656354117,0.1705471378106968,0.631578947368421,0.6666666666666666,HOME,0.6065376965538916,0.38362253091847986,HIGH,STRONG,1.6487021428043243,4.48601151541007,5.863481573698269,0.43599055874319476,1.3486295439506408,3.807356642688984,2-1,0.09071933434810196,BTTS YES,0.6666666666666666,STRONG,1.5,STRONG
29114,2026-04-27 19:00:00,Manchester United,Brentford,1.84852,1.30383,2.257818840015988,1.6594558520530265,0.51081322689123,0.2087300776067309,0.2804566955020389,0.9058942695924768,0.7495163607165299,0.5501914725772422,0.7287992922005639,0.271200707799436,3.917274692069016,2,1,0.0841539666826703,2,1,1,1,0.4442890169004072,0.2782168116541811,0.2774941714454117,0.6406382805932438,0.999,HOME,0.4442890169004072,0.16607220524622607,LOW,PASS,2.250787127209499,3.5943190997493835,3.6036792945639173,0.16679484545499546,0.5983629879629617,3.9172746920690145,2-1,0.08415174182422418,BTTS YES,0.999,STRONG,1.001001001001001,MODERATE
29124,2026-05-01 20:00:00,Leeds,Burnley,2.09546,0.434597,2.6211632315302498,1.003063439706846,0.7160671295487036,0.1658340124252306,0.1180988580260658,0.880168041735004,0.701491830441307,0.4898733633339116,0.5906993294616792,0.4093006705383207,3.624226671237096,2,1,0.0919063033744841,3,1,1,1,0.6769027795512254,0.1925836314966154,0.1305135889521592,0.631578947368421,0.5755395683453237,HOME,0.6769027795512254,0.48431914805460996,HIGH,STRONG,1.4773170242600902,5.192549295226966,7.662037401841413,0.5463891905990661,1.6180997918234037,3.624226671237096,2-1,0.09189775364636922,OVER 2.5,0.631578947368421,LEAN,1.5833333333333335,MODERATE
29121,2026-05-02 15:00:00,Brentford,West Ham,2.27374,0.753895,2.296559112534244,1.263526905912186,0.6014633754215697,0.2023111236517062,0.196225500926724,0.8744497850580142,0.6901142675948375,0.4762603589063517,0.6493003712740977,0.3506996287259023,3.5600860184464302,2,1,0.0947538192188346,3,0,1,0,0.5526721802387716,0.2423022842242307,0.2050255355369977,0.631578947368421,0.6666666666666666,HOME,0.5526721802387716,0.3103698960145409,MEDIUM,LEAN,1.8093908753792687,4.127076239506611,4.877441228873395,0.3476466447017739,1.0330322066220579,3.5600860184464302,2-1,0.09475105247251182,BTTS YES,0.6666666666666666,STRONG,1.5,MODERATE
29126,2026-05-02 15:00:00,Newcastle United,Brighton,3.12933,1.87112,1.3290406299988098,1.2490298823158903,0.3800235904854788,0.2775716226809691,0.3424047868335519,0.7346529966316308,0.4760511828012322,0.2592351265019891,0.5307077430664119,0.4692922569335881,2.5780705123147003,1,1,0.1323301187962956,3,1,1,1,0.3682934339029243,0.2881922770496552,0.3435142890474205,0.4578313253012048,0.4716981132075472,HOME,0.3682934339029243,0.02477914485550381,LOW,PASS,2.7152262515317678,3.4699056138402384,2.9110870548443324,0.08010115685326907,0.08001074768291949,2.5780705123147003,1-1,0.12602865145967654,BTTS YES,0.4716981132075472,PASS,2.12,WEAK
29127,2026-05-02 15:00:00,Wolverhampton Wanderers,Sunderland,1.96131,0.923954,1.537558421238426,2.1809635249796835,0.2666506196074117,0.2135621177294702,0.519787262663118,0.8895495241596935,0.7176827141572965,0.5096965312196537,0.7004995706693617,0.2995004293306382,3.718521946218109,1,2,0.0887509730781157,1,1,0,1,0.2210947395409628,0.3109680978855627,0.4679371625734744,0.631578947368421,0.999,AWAY,0.4679371625734744,0.15696906468791172,LOW,PASS,4.52294795469219,3.215763953921741,2.1370390727258863,0.2468424230325116,-0.6434051037412576,3.718521946218109,1-2,0.08874928712378281,BTTS YES,0.999,STRONG,1.001001001001001,MODERATE
29119,2026-05-02 17:30:00,Arsenal,Fulham,4.09079,0.696714,1.984840932351977,1.240385297334872,0.5417978816344524,0.226897148783808,0.2313049695817395,0.8369523140057018,0.6253331695131379,0.4030867636695607,0.6179636049343507,0.3820363950656493,3.225226229686849,1,1,0.1027488722346996,3,0,1,0,0.5048036828026422,0.2569497492922048,0.2382465679051529,0.5769230769230769,0.5755395683453237,HOME,0.5048036828026422,0.24785393351043739,MEDIUM,LEAN,1.9809681150661484,3.891811541963382,4.197332237743315,0.26655711489748934,0.744455635017105,3.225226229686849,1-1,0.09785530229812231,OVER 2.5,0.5769230769230769,LEAN,1.7333333333333334,MODERATE
29118,2026-05-03 14:00:00,Bournemouth,Crystal Palace,2.29626,0.678329,1.820710226389393,0.9619447000729252,0.5700843533884861,0.2388474064907746,0.1910682401207394,0.7713695214285952,0.5263998181359649,0.3042036100641874,0.5232323500245486,0.4767676499754514,2.7826549264623184,1,1,0.1137863247768337,3,0,1,0,0.561060106362914,0.2355767429776819,0.203363150659404,0.4578313253012048,0.4716981132075472,HOME,0.561060106362914,0.3254833633852321,MEDIUM,LEAN,1.7823402317490094,4.24490120442296,4.91731169957539,0.35769695570351,0.8587655263164679,2.7826549264623184,1-0,0.11265465759797977,BTTS YES,0.4716981132075472,PASS,2.12,MODERATE
29125,2026-05-03 15:30:00,Manchester United,Liverpool,2.55612,1.02814,2.128806407060152,1.8208556135133955,0.4526777774192588,0.2137616901534979,0.3335605324272434,0.9083949151928242,0.7544232483401101,0.5566261011247801,0.7421259785500754,0.2578740214499245,3.9496620205735473,2,1,0.0794711181034573,3,2,1,1,0.3861353181785304,0.2927839429040144,0.3210807389174551,0.6605818954501215,0.999,HOME,0.3861353181785304,0.06505457926107533,LOW,PASS,2.5897656933252815,3.4154878511484412,3.114481433459902,0.09335137527451604,0.30795079354675625,3.9496620205735473,2-1,0.07946967374401949,BTTS YES,0.999,STRONG,1.001001001001001,MODERATE
29120,2026-05-03 19:00:00,Aston Villa,Tottenham,0.609494,1.12225,1.5610147813175546,0.7307311460340629,0.5664040833682837,0.265294746123621,0.1683011705080953,0.6730033245676948,0.4017706670090079,0.1989762960821131,0.4153755854855376,0.5846244145144623,2.2917459273516174,1,0,0.1520372471810037,1,2,1,1,0.5956876736827366,0.2199499020318607,0.1843624242854027,0.4578313253012048,0.4716981132075472,HOME,0.5956876736827366,0.37573777165087585,MEDIUM,LEAN,1.6787320674568806,4.546489863201419,5.4240987765052795,0.41132524939733384,0.8302836352834917,2.2917459273516174,1-0,0.15780269111902703,BTTS YES,0.4716981132075472,PASS,2.12,MODERATE
29122,2026-05-04 15:00:00,Chelsea,Nottingham Forest,2.17132,2.31019,1.7125356702154109,1.260585335707303,0.4747057706663938,0.2485788523641933,0.2767153769694128,0.8023209261677039,0.5707601224319058,0.3467449923833243,0.5927677936599944,0.4072322063400055,2.9731210059227138,1,1,0.1159289819327906,1,3,1,1,0.4466729273101772,0.2726942777146168,0.2806327949752058,0.5694444444444444,0.5755395683453237,HOME,0.4466729273101772,0.1660401323349714,LOW,PASS,2.2387745906650465,3.667110319955198,3.5633754069560934,0.17397864959556042,0.45195033450810795,2.9731210059227138,1-1,0.11040832720286957,BTTS YES,0.5755395683453237,LEAN,1.7375,MODERATE
29123,2026-05-04 20:00:00,Everton,Manchester City,1.68558,1.41706,1.343959167135528,1.2713590837180344,0.3793100686722416,0.2753029406449355,0.3453869906828229,0.7418081877977051,0.4854090020470183,0.2673348318087818,0.5381321506774795,0.4618678493225204,2.615318250853562,1,1,0.1312276793969945,3,3,1,1,0.3655623425010996,0.2890023087077024,0.3454353487911978,0.4578313253012048,0.5,HOME,0.3655623425010996,0.020126993709901786,LOW,PASS,2.7355115222159188,3.4601799704354694,2.8948977095116604,0.07656003379339721,0.07260008341749358,2.615318250853562,1-1,0.12497870478963384,BTTS YES,0.5,PASS,2.0,WEAK
29132,2026-05-09 12:30:00,Liverpool,Chelsea,0.623191,0.597184,2.181616936226048,1.4462960061854906,0.5389709153173349,0.2133237859868096,0.2477052986958555,0.8812188196610179,0.7021591503007251,0.4906910398138681,0.6824623717674759,0.317537628232524,3.6279129424115375,2,1,0.0914554831821805,1,1,0,1,0.4837435788210272,0.2654684684490324,0.2507879527299405,0.631578947368421,0.6666666666666666,HOME,0.4837435788210272,0.21827511037199482,LOW,PASS,2.0672109021833127,3.766925713785821,3.987432367123488,0.23295562609108672,0.7353209300405572,3.6279129424115384,2-1,0.09145376985987823,BTTS YES,0.6666666666666666,STRONG,1.5,MODERATE
29128,2026-05-09 15:00:00,Brighton,Wolverhampton Wanderers,2.22427,0.515647,2.3431259113827108,1.096098298140161,0.6473293586983685,0.1934626394209659,0.1592080018806655,0.8616631614314632,0.667753691233515,0.4501785654710289,0.6060088767559513,0.3939911232440487,3.439224209522872,2,1,0.0965583391538417,3,0,1,0,0.6086195164603182,0.2206996716811778,0.170680811858504,0.631578947368421,0.5755395683453237,HOME,0.6086195164603182,0.38791984477914043,HIGH,STRONG,1.6430626573001126,4.531044348106677,5.858889403625578,0.43793870460181417,1.2470276132425497,3.439224209522872,2-1,0.0965549770441893,OVER 2.5,0.631578947368421,LEAN,1.5833333333333335,MODERATE
29131,2026-05-09 15:00:00,Fulham,Bournemouth,1.24334,0.998003,1.2546361135138888,1.7930691008539756,0.2625742108370029,0.2423155831337738,0.4951102060292232,0.8132033368517093,0.5874111852662263,0.3634527537287492,0.6011785098613612,0.3988214901386387,3.0477052143678645,1,1,0.1121253736374176,0,1,0,0,0.2332695761268641,0.3064833410779014,0.4602470827952344,0.5694444444444444,0.5755395683453237,AWAY,0.4602470827952344,0.15376374171733304,LOW,PASS,4.286885656516768,3.262820081779981,2.172745982281225,0.2269775066683703,-0.5384329873400868,3.0477052143678645,1-1,0.10678573806392999,BTTS YES,0.5755395683453237,LEAN,1.7375,MODERATE
29135,2026-05-09 15:00:00,Sunderland,Manchester United,1.2376,0.535981,1.254102530141903,1.7317048716837211,0.2720907464307983,0.2471779910644908,0.480731262504711,0.8042048990520593,0.5736217071300639,0.3495869365450192,0.5936676915870996,0.4063323084129003,2.985807401825624,1,1,0.1151536022231971,0,0,0,0,0.2440075955148721,0.3058421592483062,0.4501502452368217,0.5694444444444444,0.5755395683453237,AWAY,0.4501502452368217,0.14430808598851547,LOW,PASS,4.098233081187224,3.269660410643789,2.2214805180743715,0.20614264972194957,-0.477602341541818,2.985807401825624,1-1,0.10966984864849334,BTTS YES,0.5755395683453237,LEAN,1.7375,MODERATE
29133,2026-05-09 17:30:00,Manchester City,Brentford,4.37429,0.670038,1.9563234622216792,1.451645887317475,0.4895459729529761,0.2285538261900949,0.2819002008569291,0.8587595372007002,0.6617924284214372,0.4433803629917214,0.6622470116183705,0.3377529883816295,3.407969349539154,1,1,0.0987259874569952,3,0,1,0,0.4419683941904799,0.2763946026267495,0.2816370031827707,0.631578947368421,0.6666666666666666,HOME,0.4419683941904799,0.1603313910077092,LOW,PASS,2.2626052295699206,3.6180156576734106,3.550669793738153,0.16557379156373042,0.5046775749042043,3.407969349539154,1-1,0.09402407476681851,BTTS YES,0.6666666666666666,STRONG,1.5,MODERATE
29130,2026-05-10 14:00:00,Crystal Palace,Everton,3.28826,2.10265,1.2943159428558333,1.3081594979419506,0.3586057383564798,0.2763046619009872,0.365089599742533,0.7393650677688135,0.4821915492227625,0.2645368409485454,0.5359598343170686,0.4640401656829314,2.602475440797784,1,1,0.1317193853909705,2,2,1,1,0.3447190561293072,0.2926154794137846,0.3626654644569081,0.4578313253012048,0.5,AWAY,0.3626654644569081,0.017946408327600916,LOW,PASS,2.900913025315581,3.4174542030495596,2.757362081601845,0.07004998504312354,-0.013843555086117343,2.602475440797784,1-1,0.12544699894944267,BTTS YES,0.5,PASS,2.0,WEAK
29134,2026-05-10 14:00:00,Nottingham Forest,Newcastle United,1.46434,1.65067,1.5827301045797562,0.946986171858012,0.5161273045912825,0.2639984401284405,0.219874255280277,0.7247176513291961,0.4637861124159504,0.248793875245972,0.4923310627208991,0.5076689372791009,2.5297162764377683,1,1,0.1254002445913461,1,1,0,1,0.5186892119046781,0.2485023139945182,0.2328084741008037,0.4578313253012048,0.4716981132075472,HOME,0.5186892119046781,0.27018689791015993,MEDIUM,LEAN,1.9279367626095425,4.0241073973341726,4.295376291015121,0.2858807378038744,0.6357439327217441,2.5297162764377683,1-0,0.12611450608916747,BTTS YES,0.4716981132075472,PASS,2.12,MODERATE
29129,2026-05-10 14:00:00,Burnley,Aston Villa,1.71234,1.75493,0.9766601527427377,1.8581337169374288,0.1896781229218825,0.2352684410772566,0.5750534360008608,0.7801083260850183,0.538796867315046,0.3158097881548343,0.5315292500079477,0.4684707499920523,2.8347938696801664,1,1,0.1119118890436402,2,2,1,1,0.1711815552751125,0.3007173788602303,0.5281010658646572,0.4578313253012048,0.5,AWAY,0.5281010658646572,0.2273836870044269,MEDIUM,LEAN,5.841750873175918,3.3253814720990484,1.8935769394115973,0.35691951058954474,-0.8814735641946911,2.8347938696801664,0-1,0.10912936521345604,BTTS YES,0.5,PASS,2.0,MODERATE
29137,2026-05-10 16:30:00,West Ham,Arsenal,1.32011,1.42953,1.160623715313176,1.7364629184726774,0.2491519220679705,0.2478215174678104,0.5030265604642189,0.7905044556893925,0.5533614083401514,0.3297234877483196,0.5713112546699334,0.4286887453300666,2.8970866337858534,1,1,0.1167773193091853,0,1,0,0,0.2249827307178148,0.3052883878169875,0.4697288814651977,0.5694444444444444,0.5755395683453237,AWAY,0.4697288814651977,0.16444049364821017,LOW,PASS,4.4447855922517565,3.2755913421753666,2.128887618919149,0.2447461507473829,-0.5758392031595014,2.8970866337858534,1-1,0.11121624176913339,BTTS YES,0.5755395683453237,LEAN,1.7375,MODERATE
29136,2026-05-11 20:00:00,Tottenham,Leeds,1.49036,1.86976,1.278024217372216,1.099263139408039,0.3985644677654946,0.2898187551827026,0.3116167770518028,0.693099824227261,0.4243460242198906,0.2165433786957694,0.4876171144603029,0.512382885539697,2.377287356780255,1,1,0.1368949188156576,1,1,0,1,0.4000181635422423,0.2800039634013839,0.3199778730563736,0.4578313253012048,0.4716981132075472,HOME,0.4000181635422423,0.08004029048586869,LOW,PASS,2.499886483015662,3.5713780185550674,3.125216098376341,0.1200142001408584,0.17876107796417706,2.377287356780255,1-1,0.13037609465406516,BTTS YES,0.4716981132075472,PASS,2.12,WEAK
29084,2026-05-13 20:00:00,Manchester City,Crystal Palace,1.95679,0.428862,2.3206207416245763,0.9740524660091404,0.6706411955265754,0.1903872715984569,0.1389715328749677,0.8449386869747664,0.6394911238310521,0.4184661950339768,0.565506623744504,0.434493376255496,3.294673207633717,2,0,0.0998467241241632,3,0,1,0,0.6423379552287194,0.2063684402894307,0.1512936044818498,0.5769230769230769,0.5755395683453237,HOME,0.6423379552287194,0.4359695149392887,HIGH,STRONG,1.5568128768662388,4.845702175184854,6.609664720625826,0.4910443507468696,1.3465682756154358,3.294673207633717,2-0,0.09984353520108093,OVER 2.5,0.5769230769230769,LEAN,1.7333333333333334,MODERATE
29140,2026-05-15 20:00:00,Aston Villa,Liverpool,2.5252,1.55027,1.538563394970017,1.1675829420221446,0.4525549659986853,0.2647223872006364,0.2827226468006783,0.7584519603749474,0.5078795692416634,0.2872628165138657,0.546985685815027,0.4530143141849729,2.7061463369921617,1,1,0.1259877561826594,4,2,1,1,0.4377879488120327,0.2733450769031779,0.2888669742847893,0.4578313253012048,0.5755395683453237,HOME,0.4377879488120327,0.1489209745272434,LOW,PASS,2.2842108895723783,3.6583794057290158,3.461801067691858,0.16444287190885482,0.3709804529478724,2.7061463369921617,1-1,0.11998824901068718,BTTS YES,0.5755395683453237,LEAN,1.7375,MODERATE
29145,2026-05-17 12:30:00,Manchester United,Nottingham Forest,4.28532,1.84418,1.7739298612990846,1.361420103446399,0.4672352623196583,0.2422594368313645,0.2905053008489772,0.8254266203655276,0.6064394815849243,0.3830601906653667,0.6227735868283466,0.3772264131716534,3.135349964745484,1,1,0.1102691408998834,3,2,1,1,0.4310094872884381,0.2777814487059569,0.2912090640056048,0.5694444444444444,0.5755395683453237,HOME,0.4310094872884381,0.13980042328283326,LOW,PASS,2.3201345434208154,3.5999524253995134,3.4339590473075154,0.15322803858248119,0.4125097578526855,3.1353499647454837,1-1,0.10501792070489947,BTTS YES,0.5755395683453237,LEAN,1.7375,MODERATE
29144,2026-05-17 15:00:00,Leeds,Brighton,0.747756,2.23238,1.94710371811112,1.2608002532709102,0.5288914696861347,0.2300193993569886,0.2410891309568767,0.8347898279081343,0.6217408986873857,0.3992354264277067,0.6192907623231818,0.3807092376768182,3.20790397138203,1,1,0.1042443538484798,1,0,0,0,0.4919667380548203,0.2608911572376259,0.2471421047075537,0.5769230769230769,0.5755395683453237,HOME,0.4919667380548203,0.23107558081719437,LOW,PASS,2.032657744208246,3.8330160768506847,4.0462550935354065,0.24482463334726656,0.6863034648402098,3.20790397138203,1-1,0.09927968264279965,OVER 2.5,0.5769230769230769,LEAN,1.7333333333333334,MODERATE
29141,2026-05-17 15:00:00,Brentford,Crystal Palace,1.54564,1.82274,1.934511856507113,1.360370942525171,0.5041935476502726,0.2307846558964375,0.2650217964532899,0.8456555394066099,0.6395425363225433,0.4185274130642019,0.6408894276997679,0.3591105723002321,3.294882799032284,1,1,0.1024404248047307,2,2,1,1,0.4619665348414574,0.2702602342426942,0.2677732309158483,0.5769230769230769,0.6666666666666666,HOME,0.4619665348414574,0.1917063005987632,LOW,PASS,2.1646589624575094,3.70013739831957,3.734503245823944,0.19419330392560907,0.574140913981942,3.294882799032284,1-1,0.09756169220595196,BTTS YES,0.6666666666666666,STRONG,1.5,MODERATE
29143,2026-05-17 15:00:00,Everton,Sunderland,1.32181,1.28383,1.7005858550883195,1.272039889717935,0.4693011947920084,0.249300246287781,0.2813985589202106,0.8022596613153341,0.5706482140676897,0.3466341223078946,0.5938671014780285,0.4061328985219715,2.9726257448062547,1,1,0.1162236410756978,1,3,1,1,0.4410299826477247,0.2742000619480959,0.2847699554041794,0.5694444444444444,0.5755395683453237,HOME,0.4410299826477247,0.15626002724354532,LOW,PASS,2.267419539135406,3.6469721884646873,3.5116064072864748,0.16682992069962882,0.4285459653703845,2.9726257448062547,1-1,0.1106889671984927,BTTS YES,0.5755395683453237,LEAN,1.7375,MODERATE
29147,2026-05-17 15:00:00,Wolverhampton Wanderers,Fulham,1.49725,1.48412,1.8473784828252449,1.7168064497821238,0.4119906197495795,0.2291033114053551,0.3589060688450653,0.8752322501080142,0.6908594448764419,0.4771487828530134,0.6955214245770066,0.3044785754229934,3.5641849326073687,1,1,0.0943111990671784,1,1,0,1,0.3590386498162324,0.2963802523289219,0.3445810978548456,0.631578947368421,0.999,HOME,0.3590386498162324,0.014457551961386816,LOW,PASS,2.7852154649975214,3.3740439592115705,2.9020744498911806,0.0626583974873105,0.13057203304312104,3.5641849326073687,1-1,0.08981965206488454,BTTS YES,0.999,STRONG,1.001001001001001,MODERATE
29146,2026-05-17 17:30:00,Newcastle United,West Ham,2.1336,0.957771,1.6464305546895328,1.7001222101812348,0.3696517917696608,0.238220229680089,0.3921279785502502,0.8519041824415181,0.6498357488438387,0.4299213030901628,0.664734441556509,0.335265558443491,3.346552764870768,1,1,0.1034724745090272,3,1,1,1,0.3254382100746368,0.3008346177861866,0.3737271721391766,0.6,0.6666666666666666,AWAY,0.3737271721391766,0.04828896206453981,LOW,PASS,3.0727799288554887,3.324085530311987,2.67574871336248,0.07289255435299002,-0.05369165549170196,3.3465527648707676,1-1,0.09854490132669252,BTTS YES,0.6666666666666666,STRONG,1.5,MODERATE
29139,2026-05-18 20:00:00,Arsenal,Burnley,1.22695,0.194884,2.569187716025755,1.0129145011274931,0.7054810345359472,0.1706378701307389,0.1238810953333138,0.876148771775908,0.6940476770343699,0.4809349377165027,0.5916763996193223,0.4083236003806777,3.582102217153248,2,1,0.0929996266442785,1,0,0,0,0.6668622792272674,0.1968881787276971,0.1362495420450355,0.631578947368421,0.5755395683453237,HOME,0.6668622792272674,0.4699741004995703,HIGH,STRONG,1.4995600008426913,5.079025091613211,7.339474210265331,0.5306127371822319,1.5562732148982619,3.582102217153248,2-1,0.0929923537110947,OVER 2.5,0.631578947368421,LEAN,1.5833333333333335,MODERATE
29138,2026-05-19 19:30:00,Bournemouth,Manchester City,1.71486,1.26917,1.661893468496957,1.5919840447107818,0.3937434303721718,0.242151326766314,0.3641052428615141,0.8408066121211943,0.6312258594289732,0.4094509728305048,0.6504324777262621,0.3495675222737379,3.2538775132077387,1,1,0.1072978958160239,1,1,0,1,0.3520904380100368,0.2958669811660027,0.3520425808239603,0.5769230769230769,0.6666666666666666,HOME,0.3520904380100368,4.785718607652756e-05,LOW,PASS,2.8401793745148334,3.379897263489933,2.8405654726751717,0.056223456844034125,0.06990942378617526,3.2538775132077387,1-1,0.10218822204816344,BTTS YES,0.6666666666666666,STRONG,1.5,MODERATE
29142,2026-05-19 20:15:00,Chelsea,Tottenham,1.09262,2.15227,1.7495753941584111,1.2451214044784331,0.4869864709100237,0.245882860600015,0.2671306684899612,0.8055094764843624,0.5756196772925798,0.351578365005637,0.5937495257762935,0.4062504742237065,2.994696798636844,1,1,0.1144865434575981,2,1,1,1,0.4584832801539757,0.2695756343906152,0.271941085455409,0.5694444444444444,0.5755395683453237,HOME,0.4584832801539757,0.1865421946985667,LOW,PASS,2.1811046188296395,3.709534069206713,3.6772670754231176,0.1889076457633605,0.504453989679978,2.994696798636844,1-1,0.10903453269078049,BTTS YES,0.5755395683453237,LEAN,1.7375,MODERATE
29155,2026-05-24 15:00:00,Sunderland,Chelsea,2.33109,0.920885,1.5174314937892073,1.3636624773583172,0.4046618035376086,0.2594740263630313,0.3358641700993601,0.788175273424731,0.5496492916579667,0.326148960988701,0.5868779263891556,0.4131220736108444,2.8810939711475245,1,1,0.1218322970326783,2,1,1,1,0.3785619448246105,0.2883549656915905,0.3330830894837989,0.5694444444444444,0.5755395683453237,HOME,0.3785619448246105,0.045478855340811586,LOW,PASS,2.6415756091471496,3.4679479078905406,3.0022538867096698,0.09020697913301995,0.15376901643089003,2.8810939711475245,1-1,0.11603066212304229,BTTS YES,0.5755395683453237,LEAN,1.7375,MODERATE
29154,2026-05-24 15:00:00,Nottingham Forest,Bournemouth,2.05852,1.33684,1.4057734699153557,1.0693210941422884,0.4403402911679503,0.27958347407931,0.2800762347527395,0.7138784063573103,0.449782353496619,0.2371132679218456,0.5020613584601368,0.4979386415398632,2.475094564057644,1,1,0.1328290300013639,1,1,0,1,0.4389711839641556,0.2713961860914193,0.2896326299444251,0.4578313253012048,0.4716981132075472,HOME,0.4389711839641556,0.14933855401973045,LOW,PASS,2.278053859867156,3.6846501581387434,3.4526496555028365,0.16757499787273628,0.3364523757730673,2.475094564057644,1-1,0.12650379835926429,BTTS YES,0.4716981132075472,PASS,2.12,WEAK
29153,2026-05-24 15:00:00,Manchester City,Aston Villa,1.38085,2.4397,2.7059976565381616,0.8335138817174877,0.7646953533234662,0.1486627089528522,0.0866419377236814,0.8714871500510538,0.6863606055734395,0.4718041625865396,0.5309734436827036,0.4690265563172964,3.539511538255649,2,0,0.1062888358702003,1,2,1,1,0.7375872737019032,0.1639307318071196,0.0984819944909771,0.631578947368421,0.4716981132075472,HOME,0.7375872737019032,0.5736565418947837,HIGH,STRONG,1.355771765124233,6.100137472555159,10.154140410830326,0.6391052792109262,1.8724837748206737,3.5395115382556495,2-0,0.10627583036908445,OVER 2.5,0.631578947368421,LEAN,1.5833333333333335,MODERATE
29152,2026-05-24 15:00:00,Liverpool,Brentford,2.99412,1.46082,1.6064969533040936,1.4910801877422446,0.4004983256762735,0.2490172023950197,0.3504844719287067,0.8203680161654692,0.5983115346217162,0.374617104240506,0.6248484991256883,0.3751515008743117,3.0975771410463384,1,1,0.1135821889937408,1,1,0,1,0.3648635423335468,0.2925081146609288,0.3426283430055243,0.5694444444444444,0.5755395683453237,HOME,0.3648635423335468,0.02223519932802248,LOW,PASS,2.740750675182097,3.4187085755182745,2.9186143540491534,0.07235542767261799,0.11541676556184899,3.0975771410463384,1-1,0.10817334173698451,BTTS YES,0.5755395683453237,LEAN,1.7375,MODERATE
29156,2026-05-24 15:00:00,Tottenham,Everton,1.40597,0.268476,1.622775143783492,1.0175432928721166,0.5089642589834888,0.2594503048549995,0.2315854361615117,0.7461945310722476,0.4916438100419446,0.2727958707723255,0.5183961037923284,0.4816038962076716,2.6403184366556087,1,1,0.1236873625871148,1,0,0,0,0.5030149694897065,0.2542022670797764,0.2427827634305171,0.4578313253012048,0.4716981132075472,HOME,0.5030149694897065,0.2488127024099301,MEDIUM,LEAN,1.988012406498498,3.933875222624075,4.1189085496433675,0.2602322060591894,0.6052318509113754,2.6403184366556087,1-1,0.11779734860848913,BTTS YES,0.4716981132075472,PASS,2.12,MODERATE
29150,2026-05-24 15:00:00,Crystal Palace,Arsenal,1.00492,3.90645,1.1775370205677642,2.001114741808589,0.2154660969122913,0.2249725971244257,0.559561305963283,0.8308983686321171,0.6156197838023344,0.3927196483028933,0.6033262150800731,0.3966737849199269,3.178651762376353,1,1,0.1030311599100933,1,2,1,1,0.1869245761683596,0.3054532083794465,0.5076222154521939,0.5769230769230769,0.5755395683453237,AWAY,0.5076222154521939,0.20216900707274738,MEDIUM,LEAN,5.349751330179922,3.2738238544142546,1.9699689445411528,0.32069763928383427,-0.8235777212408248,3.1786517623763535,1-2,0.09817878121914028,OVER 2.5,0.5769230769230769,LEAN,1.7333333333333334,MODERATE
29149,2026-05-24 15:00:00,Burnley,Wolverhampton Wanderers,1.28476,2.8433,2.017366768593941,1.3313367619462897,0.5287830994150136,0.2247180266067883,0.2464988739781981,0.851946836153262,0.6502574724112402,0.4303908187848105,0.6427173808888906,0.3572826191111093,3.348703530540231,1,1,0.0990701003092883,1,1,0,1,0.4851676102975579,0.2636948001607281,0.251137589541714,0.6,0.6666666666666666,HOME,0.4851676102975579,0.2214728101368298,LOW,PASS,2.061143363190899,3.7922628712833046,3.981881015203022,0.2340300207558439,0.6860300066476512,3.348703530540231,2-1,0.09517090275473834,BTTS YES,0.6666666666666666,STRONG,1.5,MODERATE
29148,2026-05-24 15:00:00,Brighton,Manchester United,0.702398,2.32868,1.345579809979364,1.4293350339621234,0.3480062801534384,0.2658604404236293,0.3861332794229324,0.7706121672512077,0.5245450569474046,0.302486374228439,0.5684941939355497,0.4315058060644503,2.7749148439414872,1,1,0.1259223526127788,0,3,1,0,0.3258248462465851,0.2969010617295779,0.3772740920238369,0.4578313253012048,0.5755395683453237,AWAY,0.3772740920238369,0.051449245777251795,LOW,PASS,3.0691336511617577,3.3681253754182108,2.6505928213507386,0.08037303029425896,-0.08375522398275925,2.7749148439414872,1-1,0.11992598557257951,BTTS YES,0.5755395683453237,LEAN,1.7375,MODERATE
29151,2026-05-24 15:00:00,Fulham,Newcastle United,1.72878,0.24232,1.77429516356604,1.4232441627122985,0.4541775114321214,0.2409914251885044,0.3048310633793741,0.8336364229139243,0.619581308634498,0.3969306020257763,0.6354875788471881,0.3645124211528119,3.1975393262783385,1,1,0.1083483304465245,2,0,0,0,0.4148341070285472,0.28219061347568,0.3029752794957727,0.5769230769230769,0.5833333333333334,HOME,0.4148341070285472,0.11185882753277454,LOW,PASS,2.4106021733916494,3.543703979672531,3.3005993151132738,0.13264349355286725,0.3510510008537415,3.1975393262783385,1-1,0.10318857022525697,BTTS YES,0.5833333333333334,LEAN,1.7142857142857142,MODERATE
29157,2026-05-24 15:00:00,West Ham,Leeds,2.73135,1.94969,1.4749663534866817,1.4103789017239945,0.3844761564931516,0.2599482455597467,0.3555755979471017,0.7888672307219274,0.550638053936293,0.3270992488695265,0.5888057784761546,0.4111942215238454,2.885345255210676,1,1,0.121960171966564,3,0,1,0,0.3578026073555315,0.2924252771396519,0.3497721155048166,0.5694444444444444,0.5755395683453237,HOME,0.3578026073555315,0.00803049185071486,LOW,PASS,2.794837095768694,3.4196770189686294,2.8590043507519947,0.0653773302158796,0.06458745176268721,2.885345255210676,1-1,0.11615245495006654,BTTS YES,0.5755395683453237,LEAN,1.7375,MODERATE
