match_id,date,home_team,away_team,home_xg,away_xg,pred_home_xg,pred_away_xg
28792,2025-08-23 14:00:00,Bournemouth,Wolverhampton Wanderers,1.78462,0.373367,2.053993577862295,1.4105570730152155
28793,2025-08-23 16:30:00,Arsenal,Leeds,2.73761,0.156761,2.3440276263646544,1.0720299474446413
28794,2025-08-24 13:00:00,Crystal Palace,Nottingham Forest,1.10188,1.32987,1.7795677976915334,0.9446774488021329
28795,2025-08-24 13:00:00,Everton,Brighton,1.80116,2.08487,1.8561007369001203,1.2888880439028678
28796,2025-08-24 15:30:00,Fulham,Manchester United,1.65333,1.54603,1.677927512760177,1.4586477061599519
28797,2025-08-25 19:00:00,Newcastle United,Liverpool,1.96342,0.646559,2.4140483822735255,1.7068632771435084
28798,2025-08-30 11:30:00,Chelsea,Fulham,2.4324,0.736228,1.9606044574058543,1.1044718589559297
28799,2025-08-30 14:00:00,Tottenham,Bournemouth,0.17067,2.1201,1.1325667970928872,1.7967304309665153
28800,2025-08-30 14:00:00,Wolverhampton Wanderers,Everton,0.943257,2.03791,1.5600798216537792,1.0936658541895061
28802,2025-08-30 14:00:00,Manchester United,Burnley,4.02237,1.32618,2.048759356341686,1.1878552430755784
28803,2025-08-30 16:30:00,Leeds,Newcastle United,0.6773,0.303635,1.0000568501235407,2.68125568039326
28804,2025-08-31 13:00:00,Nottingham Forest,West Ham,0.716018,2.236,1.7648903838476953,0.9250097289896123
28805,2025-08-31 13:00:00,Brighton,Manchester City,2.20864,2.13418,1.651739267363514,1.6710151262836273
28806,2025-08-31 15:30:00,Liverpool,Arsenal,0.481404,0.485679,2.182644519189357,1.362950656881331
28807,2025-08-31 18:00:00,Aston Villa,Crystal Palace,1.20586,2.59713,1.9596540284619128,1.4360990540322909
28808,2025-09-13 11:30:00,Arsenal,Nottingham Forest,2.8817,0.293681,1.813356131679642,1.1704478048612288
28809,2025-09-13 14:00:00,Newcastle United,Wolverhampton Wanderers,1.19186,0.375942,2.397770997035029,1.2012439512190025
28810,2025-09-13 14:00:00,Bournemouth,Brighton,1.44187,0.624923,2.0311759346415985,1.3932027456042044
28812,2025-09-13 14:00:00,Everton,Aston Villa,1.8927,0.354327,2.053608789417595,1.269415018634357
28813,2025-09-13 14:00:00,Fulham,Leeds,1.13979,0.830398,1.7821543604117676,1.0436842552967072
28814,2025-09-13 16:30:00,West Ham,Tottenham,0.793248,1.51402,1.3970863619024094,1.3740045391549387
28815,2025-09-13 19:00:00,Brentford,Chelsea,1.17533,0.755999,1.3083828445296302,1.63043412350077
28816,2025-09-14 13:00:00,Burnley,Liverpool,0.168041,2.79492,1.0540027781465688,2.103484007477605
28817,2025-09-14 15:30:00,Manchester City,Manchester United,1.99725,1.51915,1.904168475945029,1.0383939704420826
28818,2025-09-20 11:30:00,Liverpool,Everton,1.06166,0.721371,2.1938656220250308,0.9055951173206929
28819,2025-09-20 14:00:00,West Ham,Crystal Palace,0.466365,2.33565,1.184944290329245,1.9998522272189296
28820,2025-09-20 14:00:00,Wolverhampton Wanderers,Leeds,1.5661,0.456988,2.0544679007156894,1.1400247944817723
28821,2025-09-20 14:00:00,Brighton,Tottenham,1.40466,1.19181,1.689908598135788,1.1375467401685064
28822,2025-09-20 14:00:00,Burnley,Nottingham Forest,1.14159,0.830779,1.5365029590763375,1.5697374489299845
28824,2025-09-20 16:30:00,Manchester United,Chelsea,1.34458,0.469843,1.961311309183861,1.0458109933998876
28825,2025-09-20 19:00:00,Fulham,Brentford,1.52431,0.826556,1.1175076960291785,1.9969820895650165
28823,2025-09-21 13:00:00,Bournemouth,Newcastle United,0.55066,0.153629,1.455460016622934,1.5510821850190188
28827,2025-09-21 15:30:00,Arsenal,Manchester City,0.718575,1.1227,1.6300303003334937,0.9894419805058113
28828,2025-09-27 11:30:00,Brentford,Manchester United,2.78726,2.23609,1.57249607089638,1.1637561648732258
28829,2025-09-27 14:00:00,Chelsea,Brighton,2.02653,2.4751,1.7913667147391308,1.4134654607288981
28830,2025-09-27 14:00:00,Crystal Palace,Liverpool,3.53323,3.10176,1.6816599300247494,1.5300139496218095
28832,2025-09-27 14:00:00,Leeds,Bournemouth,2.04728,1.06033,1.234544541413885,1.6090765023906943
28833,2025-09-27 14:00:00,Manchester City,Burnley,3.22133,0.509491,2.348146150927611,0.6931516298343874
28834,2025-09-27 16:30:00,Nottingham Forest,Sunderland,1.4203,1.94154,1.5420635413730055,1.3164916082318197
28835,2025-09-27 19:00:00,Tottenham,Wolverhampton Wanderers,0.818711,1.15951,1.5905708803837773,1.328257303349561
28831,2025-09-28 13:00:00,Aston Villa,Fulham,1.36575,0.952612,1.7005769268304154,1.557740885345117
28836,2025-09-28 15:30:00,Newcastle United,Arsenal,0.739851,2.07048,1.6605664256828057,1.9066410121737956
28837,2025-09-29 19:00:00,Everton,West Ham,0.909703,0.775766,1.660541158902561,1.0145168426041147
28838,2025-10-03 19:00:00,Bournemouth,Fulham,1.33458,0.84335,1.7366645728555428,1.1722403635296097
28844,2025-10-04 11:30:00,Leeds,Tottenham,1.48051,0.688198,1.5677496964359248,1.228455354157519
28839,2025-10-04 14:00:00,Arsenal,West Ham,3.0585,0.864549,1.7876432316748874,0.8441811101823108
28845,2025-10-04 14:00:00,Manchester United,Sunderland,1.9298,0.807119,1.4668647102727097,1.0493834062149725
28842,2025-10-04 16:30:00,Chelsea,Liverpool,1.23721,2.05981,1.7709302681132912,1.1649833031078962
28840,2025-10-05 13:00:00,Aston Villa,Burnley,1.73572,0.502292,1.8231432461930002,0.9680453804389472
28843,2025-10-05 13:00:00,Everton,Crystal Palace,2.13876,2.17789,1.5459550405431057,1.2690970420492258
28846,2025-10-05 13:00:00,Newcastle United,Nottingham Forest,3.81662,0.337689,2.351031292083635,1.086004306545284
28847,2025-10-05 13:00:00,Wolverhampton Wanderers,Brighton,0.369404,1.39158,1.1853331182813895,1.6550909644039637
28841,2025-10-05 15:30:00,Brentford,Manchester City,0.693758,1.09647,1.7311071730120928,1.4647479740381246
28854,2025-10-18 11:30:00,Nottingham Forest,Chelsea,2.0555,2.5583,1.1888895782700566,1.2131864236907521
28848,2025-10-18 14:00:00,Brighton,Newcastle United,0.857104,1.28313,1.707055928504909,1.6046629593344248
28849,2025-10-18 14:00:00,Burnley,Leeds,0.509647,2.33152,1.32266416080166,1.751143474038277
28850,2025-10-18 14:00:00,Crystal Palace,Bournemouth,4.56284,2.0471,2.0586863139450653,1.1851193542663825
28853,2025-10-18 14:00:00,Manchester City,Everton,2.4799,0.794622,1.9888585684603344,1.253038602692961
28855,2025-10-18 14:00:00,Sunderland,Wolverhampton Wanderers,1.02481,0.676323,1.5328527753614085,1.4471691660621386
28851,2025-10-18 16:30:00,Fulham,Arsenal,0.502332,2.07823,1.1447518990871222,1.5981533809243211
28856,2025-10-19 13:00:00,Tottenham,Aston Villa,1.51461,0.352231,1.7374154343767656,1.2634501346876421
28852,2025-10-19 15:30:00,Liverpool,Manchester United,2.60972,2.53117,1.864256834412639,1.0358271833155686
28857,2025-10-20 19:00:00,West Ham,Brentford,0.260251,3.46635,1.362311059341148,1.523380627140872
28864,2025-10-24 19:00:00,Leeds,West Ham,2.2214,0.498653,1.8972701085908632,1.0114248794992187
28862,2025-10-25 14:00:00,Chelsea,Sunderland,1.21332,1.5506,2.0201954314160533,1.1163429910425768
28866,2025-10-25 14:00:00,Newcastle United,Fulham,2.76806,1.52001,1.9332207642713963,1.007240503963869
28865,2025-10-25 16:30:00,Manchester United,Brighton,1.96231,0.947154,2.126148163424256,1.579315389298501
28861,2025-10-25 19:00:00,Brentford,Liverpool,3.27126,2.11838,1.7151346854739487,1.2753641477500424
28858,2025-10-26 13:00:00,Bournemouth,Nottingham Forest,0.656601,0.305493,2.3985204097921713,1.3265196722141726
28859,2025-10-26 13:00:00,Arsenal,Crystal Palace,0.856175,0.350534,1.9067749400314096,1.0548680726613267
28860,2025-10-26 13:00:00,Aston Villa,Manchester City,0.843906,1.36914,1.4445862793235447,1.8687621048642589
28867,2025-10-26 13:00:00,Wolverhampton Wanderers,Burnley,2.58132,1.54544,2.0995322001746333,1.0142829773281588
28863,2025-10-26 15:30:00,Everton,Tottenham,1.4032,2.09327,1.4233441852556996,1.3619652528888633
28868,2025-11-01 15:00:00,Brighton,Leeds,2.64127,0.35919,1.8163896701794955,1.204463883833769
28869,2025-11-01 15:00:00,Burnley,Arsenal,0.679177,2.51649,0.7953558275922192,2.7010380685310253
28870,2025-11-01 15:00:00,Crystal Palace,Brentford,0.734558,0.820498,1.9461303589957502,1.3203681051649316
28871,2025-11-01 15:00:00,Fulham,Wolverhampton Wanderers,1.91207,0.209934,1.3438635591504278,1.2078448548781866
28874,2025-11-01 15:00:00,Nottingham Forest,Manchester United,1.55066,0.91622,1.0142127097489493,2.133005777841827
28876,2025-11-01 17:30:00,Tottenham,Chelsea,0.146954,3.34251,1.7236960731890254,1.2898321962293273
28872,2025-11-01 20:00:00,Liverpool,Aston Villa,1.47021,0.43502,1.850902283263266,1.2821413664899486
28877,2025-11-02 14:00:00,West Ham,Newcastle United,1.41383,0.523615,0.5699992978253458,1.7123485427871834
28873,2025-11-02 16:30:00,Manchester City,Bournemouth,2.48999,0.899846,1.956007253162457,1.385507278086515
28875,2025-11-03 20:00:00,Sunderland,Everton,1.18068,1.00741,1.1981316180273307,1.5353380822299625
28886,2025-11-08 12:30:00,Tottenham,Manchester United,1.35532,0.820256,1.4167525202613953,1.7578255247347303
28882,2025-11-08 15:00:00,Everton,Fulham,2.30607,0.424478,1.6229420356975361,1.058574154768598
28887,2025-11-08 15:00:00,West Ham,Burnley,2.96728,1.87478,1.829540700207165,0.8124545923991684
28885,2025-11-08 17:30:00,Sunderland,Arsenal,1.20495,2.32943,0.7983460104213442,1.9996258305187482
28880,2025-11-08 20:00:00,Chelsea,Wolverhampton Wanderers,3.98342,0.111462,1.8654224948464975,0.9210858305132291
28878,2025-11-09 14:00:00,Aston Villa,Bournemouth,1.88282,2.00992,1.6134847175701394,1.2659806525960735
28879,2025-11-09 14:00:00,Brentford,Newcastle United,2.73729,0.432277,2.0185356480836143,1.23628546775244
28881,2025-11-09 14:00:00,Crystal Palace,Brighton,0.839547,0.637037,1.8453071774706866,1.396396569594577
28884,2025-11-09 14:00:00,Nottingham Forest,Leeds,2.49097,0.419461,1.05860266868598,1.4513856961619716
28883,2025-11-09 16:30:00,Manchester City,Liverpool,1.59542,1.0281,1.708662616075772,1.1747485564171412
28891,2025-11-22 12:30:00,Burnley,Chelsea,0.660943,1.72093,0.9740351518129857,2.35089861188159
28888,2025-11-22 15:00:00,Bournemouth,West Ham,3.48299,0.390782,2.219187930802786,1.1697651365805968
28890,2025-11-22 15:00:00,Brighton,Brentford,0.977488,2.19979,1.468925256821028,1.318332302407003
28892,2025-11-22 15:00:00,Fulham,Sunderland,2.83729,0.222768,1.6292810623640166,1.4685561995530365
28894,2025-11-22 15:00:00,Liverpool,Nottingham Forest,1.79273,1.19459,1.6941539733612978,0.8314791968089801
28897,2025-11-22 15:00:00,Wolverhampton Wanderers,Crystal Palace,1.66409,1.44933,1.1135578274804168,1.7469053301987825
28896,2025-11-22 17:30:00,Newcastle United,Manchester City,2.40555,2.45648,2.1940093903797324,1.4308029133125009
28893,2025-11-23 14:00:00,Leeds,Aston Villa,1.84668,1.35978,1.8059605120083464,1.3429480083277756
28889,2025-11-23 16:30:00,Arsenal,Tottenham,2.27827,0.0300672,1.7352942604866077,0.9586504042300528
28895,2025-11-24 20:00:00,Manchester United,Everton,2.2737,0.155063,2.2020217523698546,1.476526163056565
28899,2025-11-29 15:00:00,Brentford,Burnley,3.72106,0.874025,2.2653246991822322,0.9541707584518183
28903,2025-11-29 15:00:00,Manchester City,Leeds,2.85292,1.75142,1.6128174238240314,1.329358814926567
28905,2025-11-29 15:00:00,Sunderland,Bournemouth,1.16955,1.79274,1.425599380803048,1.450755238010418
28902,2025-11-29 17:30:00,Everton,Newcastle United,1.01125,2.45882,1.7633453840334712,1.6370544447197837
28906,2025-11-29 20:00:00,Tottenham,Fulham,1.04396,0.494736,1.3567697414807112,1.3054367519719146
28901,2025-11-30 12:00:00,Crystal Palace,Manchester United,2.13561,1.47768,1.7702417626648004,1.4360779925977443
28898,2025-11-30 14:05:00,Aston Villa,Wolverhampton Wanderers,1.15486,0.692588,1.4545985738799359,1.154133875378311
28904,2025-11-30 14:05:00,Nottingham Forest,Brighton,0.960325,2.0572,1.4102492752899098,1.3669220155060933
28907,2025-11-30 14:05:00,West Ham,Liverpool,0.364152,1.56793,0.9527836538543308,2.1867030706437003
28900,2025-11-30 16:30:00,Chelsea,Arsenal,0.791914,1.22828,1.8200457412951747,1.2890236153388617
28908,2025-12-02 19:30:00,Bournemouth,Everton,0.635415,1.19573,1.7232720279676046,1.0748136040323235
28912,2025-12-02 19:30:00,Fulham,Manchester City,0.972635,1.96225,1.4392760945665712,1.680689659809012
28916,2025-12-02 20:15:00,Newcastle United,Tottenham,1.88558,1.05205,2.481141772388126,0.9642259825120076
28909,2025-12-03 19:30:00,Arsenal,Brentford,2.63126,0.588716,1.5241254829018318,1.251512118641235
28910,2025-12-03 19:30:00,Brighton,Aston Villa,1.96298,3.15745,1.5817055732967396,0.8652753230705871
28911,2025-12-03 19:30:00,Burnley,Crystal Palace,1.16852,0.987797,0.913120529192757,3.2625406467474325
28917,2025-12-03 19:30:00,Wolverhampton Wanderers,Nottingham Forest,1.02461,1.12389,1.5476552454817336,1.0465412000777603
28913,2025-12-03 20:15:00,Leeds,Chelsea,2.2047,0.964018,1.3776159827342878,1.8930347202476654
28914,2025-12-03 20:15:00,Liverpool,Sunderland,1.37633,0.712662,2.025566435832459,1.0064762145982968
28915,2025-12-04 20:00:00,Manchester United,West Ham,2.27674,1.36584,2.106284482428024,0.9551813213319322
28919,2025-12-06 12:30:00,Aston Villa,Arsenal,2.71986,1.85965,1.0480005685834628,1.8374972058263146
28918,2025-12-06 15:00:00,Bournemouth,Chelsea,1.41931,0.672602,1.3151417121429168,1.8737951045989008
28921,2025-12-06 15:00:00,Everton,Nottingham Forest,1.25348,0.31234,1.7827316250431091,1.3802606183139163
28924,2025-12-06 15:00:00,Manchester City,Sunderland,2.41605,0.626486,2.029669177274245,0.8458306838320484
28925,2025-12-06 15:00:00,Newcastle United,Burnley,1.80708,1.58375,2.962232123721266,0.8766472509466771
28926,2025-12-06 15:00:00,Tottenham,Brentford,2.42388,0.470563,0.8891456460057302,1.940726929449646
28923,2025-12-06 17:30:00,Leeds,Liverpool,1.79333,2.04805,1.104227262728753,1.8106108264513237
28920,2025-12-07 14:00:00,Brighton,West Ham,2.10077,1.7064,1.8078947567465133,1.0241560792331064
28922,2025-12-07 16:30:00,Fulham,Crystal Palace,0.766771,1.71109,1.448529501802824,1.4285022182214535
28927,2025-12-08 20:00:00,Wolverhampton Wanderers,Manchester United,0.262147,4.04708,1.1067499904684834,1.6850031710379354
28931,2025-12-13 15:00:00,Chelsea,Everton,2.64457,1.34,1.8646638585996032,1.0847875343437503
28933,2025-12-13 15:00:00,Liverpool,Brighton,2.4127,1.69004,1.657343637340085,1.039997931335441
28930,2025-12-13 17:30:00,Burnley,Fulham,2.05486,1.65053,0.980940394782977,2.0256578813348534
28928,2025-12-13 20:00:00,Arsenal,Wolverhampton Wanderers,1.61796,0.61997,2.260496646905539,1.0552537141087353
28932,2025-12-14 14:00:00,Crystal Palace,Manchester City,1.30092,1.35317,1.51349566743041,1.585369051238135
28935,2025-12-14 14:00:00,Nottingham Forest,Tottenham,2.32658,0.380246,1.4830506907851806,1.062503392855913
28936,2025-12-14 14:00:00,Sunderland,Newcastle United,0.630045,0.169329,1.2382882543550673,2.0878155910033143
28937,2025-12-14 14:00:00,West Ham,Aston Villa,1.27701,0.595093,0.8533968999190376,2.3360373648089086
28929,2025-12-14 16:30:00,Brentford,Leeds,0.697006,1.63409,2.3746457149521096,1.3368608101627624
28934,2025-12-15 20:00:00,Manchester United,Bournemouth,3.21204,2.35196,1.9770700842840316,1.1253934695273877
28945,2025-12-20 12:30:00,Newcastle United,Chelsea,2.87863,1.0261,1.5904667728207567,1.5684326672010704
28938,2025-12-20 15:00:00,Bournemouth,Burnley,1.81847,0.480528,2.389190169334996,0.8537072700777445
28940,2025-12-20 15:00:00,Brighton,Sunderland,0.919272,1.31044,1.7885332329506234,0.961002503623215
28944,2025-12-20 15:00:00,Manchester City,West Ham,3.58188,1.02143,2.615846716753988,1.0227334230572456
28947,2025-12-20 15:00:00,Wolverhampton Wanderers,Brentford,1.26823,1.56309,0.9752770686624314,2.391278147836169
28946,2025-12-20 17:30:00,Tottenham,Liverpool,1.34905,1.23164,1.4284529711419387,1.883333308772489
28941,2025-12-20 20:00:00,Everton,Arsenal,0.213273,1.84723,1.221895644371051,1.7210875847129976
28943,2025-12-20 20:00:00,Leeds,Crystal Palace,2.90786,1.53058,1.4046649232120607,1.44140063929965
28939,2025-12-21 16:30:00,Aston Villa,Manchester United,1.86917,1.30455,1.2078336199191086,1.2875002527513666
28942,2025-12-22 20:00:00,Fulham,Nottingham Forest,1.70568,0.486296,1.935098472301697,0.9668731520423185
28954,2025-12-26 20:00:00,Manchester United,Newcastle United,0.940811,1.12998,2.611716334025797,1.1224237324721482
28955,2025-12-27 12:30:00,Nottingham Forest,Manchester City,0.600141,1.46468,1.2692868632298397,2.127189142351523
28948,2025-12-27 15:00:00,Arsenal,Brighton,2.54318,0.710064,1.9957519585821268,1.1042621754770383
28949,2025-12-27 15:00:00,Brentford,Bournemouth,2.8513,2.56183,1.8450635944079519,1.4031103236568512
28950,2025-12-27 15:00:00,Burnley,Everton,1.24948,1.25204,1.1417988855397834,1.6729414212780713
28953,2025-12-27 15:00:00,Liverpool,Wolverhampton Wanderers,1.56502,0.780664,1.5264357500938024,0.861853238048967
28957,2025-12-27 15:00:00,West Ham,Fulham,1.13719,1.11436,1.1453829925326806,2.1028184462571518
28951,2025-12-27 17:30:00,Chelsea,Aston Villa,1.97155,2.05918,2.3038805550724275,1.3575618980528028
28956,2025-12-28 14:00:00,Sunderland,Leeds,0.805957,2.60653,1.2416741286415607,1.547774008451835
28952,2025-12-28 16:30:00,Crystal Palace,Tottenham,0.929681,0.870768,1.7457180981209877,1.0729974895633165
28960,2025-12-30 19:30:00,Burnley,Newcastle United,1.32551,2.49248,0.9435604634079428,2.1800862839522472
28961,2025-12-30 19:30:00,Chelsea,Bournemouth,2.33294,3.49142,1.9505770215460063,1.533852561159563
28965,2025-12-30 19:30:00,Nottingham Forest,Everton,1.75445,1.69525,1.601441145979367,0.8283138800029238
28967,2025-12-30 19:30:00,West Ham,Brighton,2.27644,3.08914,1.4591963233767056,1.6938916639174357
28958,2025-12-30 20:15:00,Arsenal,Aston Villa,4.41335,2.94195,2.5316714772837505,0.9129620676212346
28964,2025-12-30 20:15:00,Manchester United,Wolverhampton Wanderers,1.13306,1.21784,2.4787008130620607,0.7964242028538194
28962,2026-01-01 17:30:00,Crystal Palace,Fulham,2.35346,1.75434,2.003648179210751,1.3768024819308218
28963,2026-01-01 17:30:00,Liverpool,Leeds,1.67833,0.15936,1.3745873035446716,1.178186700062501
28959,2026-01-01 20:00:00,Brentford,Tottenham,0.556304,0.608309,2.2812005315468196,0.8955618794195426
28966,2026-01-01 20:00:00,Sunderland,Manchester City,0.962141,2.44247,1.1364121606432036,1.653341003821062
28972,2026-01-03 12:30:00,Aston Villa,Nottingham Forest,1.42988,0.8982,1.538419902817839,0.9687480471520457
28970,2026-01-03 15:00:00,Wolverhampton Wanderers,West Ham,2.23925,0.235678,1.622743896855974,1.8004921822423103
28973,2026-01-03 15:00:00,Brighton,Burnley,1.4717,0.254551,1.4506250901463371,0.9940703921119367
28971,2026-01-03 17:30:00,Bournemouth,Arsenal,0.947846,1.28,1.5376505727271907,1.9311466519639675
28976,2026-01-04 12:30:00,Leeds,Manchester United,0.970138,1.94781,1.5935057520398468,1.2270161910425421
28968,2026-01-04 15:00:00,Newcastle United,Crystal Palace,2.72764,1.27825,1.8353071006544404,1.0235931362418793
28969,2026-01-04 15:00:00,Tottenham,Sunderland,1.4175,0.467481,1.3677269434257342,0.8568254970901907
28974,2026-01-04 15:00:00,Everton,Brentford,1.00566,3.05179,1.6322387197363486,1.23080261445278
28975,2026-01-04 15:00:00,Fulham,Liverpool,0.609182,1.7188,1.1698212999655668,1.2006869584664768
28977,2026-01-04 17:30:00,Manchester City,Chelsea,1.03049,2.03726,2.4956200240131965,1.407161744985
28987,2026-01-06 20:00:00,West Ham,Nottingham Forest,1.73697,1.26683,1.0341101080609318,1.7119207159926497
28978,2026-01-07 19:30:00,Everton,Wolverhampton Wanderers,1.63321,0.71329,1.5635288567907621,0.9285786824304498
28979,2026-01-07 19:30:00,Bournemouth,Tottenham,1.19014,1.6261,1.7031777501845333,1.2500628293247065
28981,2026-01-07 19:30:00,Brentford,Sunderland,3.86096,1.50644,2.3404434819941087,1.0214289561759677
28983,2026-01-07 19:30:00,Crystal Palace,Aston Villa,1.32505,2.07015,2.388497848532259,1.4008445693863252
28984,2026-01-07 19:30:00,Fulham,Chelsea,1.06013,2.45107,1.609826656230265,1.255568336087724
28985,2026-01-07 19:30:00,Manchester City,Brighton,2.95904,1.33162,1.8026630472773701,1.062265952644224
28982,2026-01-07 20:15:00,Burnley,Manchester United,0.31971,2.52488,1.1605466332622147,2.7993419205975885
28986,2026-01-07 20:15:00,Newcastle United,Leeds,2.43495,2.35318,1.89388091679918,1.072695469604296
28980,2026-01-08 20:00:00,Arsenal,Liverpool,0.701832,0.318642,2.2944774390589875,0.8726082624514312
28993,2026-01-17 12:30:00,Manchester United,Manchester City,3.07278,0.387015,1.6617105577193234,1.526628354304228
28990,2026-01-17 15:00:00,Chelsea,Brentford,1.62263,1.47521,1.6565656376548508,1.3803737316044031
28991,2026-01-17 15:00:00,Leeds,Fulham,2.16898,0.258796,1.8378784508239276,0.9918504143952259
28992,2026-01-17 15:00:00,Liverpool,Burnley,3.49045,0.546971,2.103153225651059,0.9858718063099522
28995,2026-01-17 15:00:00,Sunderland,Crystal Palace,1.84601,1.15169,1.3703314682811345,1.5014857835826287
28996,2026-01-17 15:00:00,Tottenham,West Ham,1.65292,2.76761,1.9759064993548503,0.8441171013833114
28994,2026-01-17 17:30:00,Nottingham Forest,Arsenal,0.318481,2.86323,1.2267734654826656,1.9357894459870353
28997,2026-01-18 14:00:00,Wolverhampton Wanderers,Newcastle United,0.390216,0.813313,1.3282193421727269,1.5350012544846563
28988,2026-01-18 16:30:00,Aston Villa,Everton,0.905393,0.745859,1.6597908862638333,0.9630823289251209
28989,2026-01-19 20:00:00,Brighton,Bournemouth,0.995777,1.69737,1.50107421446453,1.3910718479865019
29007,2026-01-24 12:30:00,West Ham,Sunderland,2.18675,0.713838,1.7506730040662948,1.0327018457609598
29001,2026-01-24 15:00:00,Burnley,Tottenham,1.54884,2.59093,1.1153882294812913,2.0925555447441373
29004,2026-01-24 15:00:00,Fulham,Brighton,1.13243,1.94652,1.7214810225929453,1.3245982990364638
29005,2026-01-24 15:00:00,Manchester City,Wolverhampton Wanderers,1.0654,0.542683,1.9469353308974713,0.9048719159625966
28998,2026-01-24 17:30:00,Bournemouth,Liverpool,3.31474,0.937335,1.368326440423935,1.5675889369354759
29000,2026-01-25 14:00:00,Brentford,Nottingham Forest,2.00413,1.38958,2.3040894131468472,1.0003811712164454
29002,2026-01-25 14:00:00,Crystal Palace,Chelsea,2.41793,3.08817,1.956557948963843,1.5862964638325046
29006,2026-01-25 14:00:00,Newcastle United,Aston Villa,1.95484,1.32143,1.821345868539802,1.435035070614406
28999,2026-01-25 16:30:00,Arsenal,Manchester United,1.42411,0.640902,1.458388236433698,0.9311583155794765
29003,2026-01-26 20:00:00,Everton,Leeds,0.889916,1.6766,1.3665423731312103,1.3631182769043775
29010,2026-01-31 15:00:00,Brighton,Everton,1.42825,1.28126,1.5491439949466534,1.2707021406055077
29015,2026-01-31 15:00:00,Leeds,Arsenal,0.17871,3.54427,1.24451764056275,1.942363015908561
29017,2026-01-31 15:00:00,Wolverhampton Wanderers,Bournemouth,2.10353,1.59116,1.4358054453228037,1.6714772065988601
29009,2026-01-31 17:30:00,Chelsea,West Ham,2.66133,1.72585,1.9726818023164308,1.6859242573894158
29014,2026-01-31 20:00:00,Liverpool,Newcastle United,3.09973,0.284319,1.959922737073339,1.1357320096676637
29008,2026-02-01 14:00:00,Aston Villa,Brentford,2.15316,0.314916,1.4515361293795368,1.4727927082644399
29012,2026-02-01 14:00:00,Manchester United,Fulham,1.84362,1.71998,2.4957403510822425,1.0730999411266202
29013,2026-02-01 14:00:00,Nottingham Forest,Crystal Palace,0.987254,1.648,1.9425860878875956,1.2499618260882235
29016,2026-02-01 16:30:00,Tottenham,Manchester City,1.49738,2.03614,1.620943677626421,1.450353621853766
29011,2026-02-02 20:00:00,Sunderland,Burnley,1.8865,0.126371,1.3833499688279653,1.1616627787623728
29023,2026-02-06 20:00:00,Leeds,Nottingham Forest,3.38179,1.6608,2.0182617407658836,0.8865627512000807
29025,2026-02-07 12:30:00,Manchester United,Tottenham,2.16576,0.593404,2.018150851091,0.862734239318301
29018,2026-02-07 15:00:00,Bournemouth,Aston Villa,1.82646,0.646496,1.347751836486571,1.416727563227027
29019,2026-02-07 15:00:00,Arsenal,Sunderland,1.19401,0.427225,2.432593470811326,0.7822215680345612
29021,2026-02-07 15:00:00,Burnley,West Ham,1.84644,1.1223,1.073822401838836,1.6583621264122983
29022,2026-02-07 15:00:00,Fulham,Everton,2.20126,1.88778,1.275168851642762,0.9607996297817352
29027,2026-02-07 15:00:00,Wolverhampton Wanderers,Chelsea,1.11372,3.76278,1.3784357576141224,1.7891990743403081
29026,2026-02-07 17:30:00,Newcastle United,Brentford,3.3215,1.65022,2.1528711826136075,1.2585057457567281
29020,2026-02-08 14:00:00,Brighton,Crystal Palace,0.737798,0.928404,1.7106528024542809,1.560441495213244
29024,2026-02-08 16:30:00,Liverpool,Manchester City,1.26652,2.41476,1.6981127435219288,1.3672422886901323
29030,2026-02-10 19:30:00,Chelsea,Leeds,3.21176,1.28948,1.880409058222157,1.4729392542754376
29032,2026-02-10 19:30:00,Everton,Bournemouth,2.33114,1.4121,1.1356499645131835,1.3588938749048975
29036,2026-02-10 19:30:00,Tottenham,Newcastle United,1.68925,2.46991,1.4899726680495375,1.7325495959925892
29037,2026-02-10 20:15:00,West Ham,Manchester United,1.30746,0.735767,1.0504199728408725,1.867442336758709
29028,2026-02-11 19:30:00,Aston Villa,Brighton,0.576138,0.481306,1.400672169551149,1.3404818551321527
29031,2026-02-11 19:30:00,Crystal Palace,Burnley,2.1276,0.691273,2.112039481946954,1.1792335073723044
29033,2026-02-11 19:30:00,Manchester City,Fulham,1.67722,1.05283,2.6628677662653617,1.1040634902715203
29034,2026-02-11 19:30:00,Nottingham Forest,Wolverhampton Wanderers,3.69094,0.406959,1.2464796295888083,1.0508570936345725
29035,2026-02-11 20:15:00,Sunderland,Liverpool,0.693794,3.08172,1.5433917689392025,1.985809556962342
29029,2026-02-12 20:00:00,Brentford,Arsenal,1.81154,0.78418,1.3117906001323134,2.2295364135947615
29087,2026-02-18 20:00:00,Wolverhampton Wanderers,Arsenal,0.173119,2.01018,0.878937746263044,2.3989445245959904
29038,2026-02-21 15:00:00,Aston Villa,Leeds,1.25439,1.27855,1.8299695440200516,1.4464556234309096
29039,2026-02-21 15:00:00,Brentford,Brighton,1.69023,1.37203,1.7857767964469125,1.1516414120775527
29040,2026-02-21 15:00:00,Chelsea,Burnley,2.51534,1.01255,1.9733278935583307,1.0851623173369094
29047,2026-02-21 17:30:00,West Ham,Bournemouth,2.34412,0.522731,1.2002391922680078,1.276935771388616
29043,2026-02-21 20:00:00,Manchester City,Newcastle United,2.22648,0.507954,2.253374375375438,1.1616805912151644
29041,2026-02-22 14:00:00,Crystal Palace,Wolverhampton Wanderers,2.03559,1.67749,1.5871506630897745,1.5321603227806024
29044,2026-02-22 14:00:00,Nottingham Forest,Liverpool,0.934768,2.39634,1.1675461016597248,1.6711799365777893
29045,2026-02-22 14:00:00,Sunderland,Fulham,1.7609,2.16696,1.2972009849101669,1.3730988989225297
29046,2026-02-22 16:30:00,Tottenham,Arsenal,0.383264,3.31701,1.0247052210232341,2.596520679448313
29042,2026-02-23 20:00:00,Everton,Manchester United,0.560924,1.4547,1.5040580027830937,1.0761327524546527
29057,2026-02-27 20:00:00,Wolverhampton Wanderers,Aston Villa,1.50771,1.31328,1.355219869230681,1.5645166796547316
29048,2026-02-28 12:30:00,Bournemouth,Sunderland,1.82434,1.07887,1.5648942027769106,1.0101173492984632
29051,2026-02-28 15:00:00,Burnley,Brentford,0.823824,2.44595,1.0652995920837647,2.233713366555793
29054,2026-02-28 15:00:00,Liverpool,West Ham,2.09939,1.3517,1.7280670912274663,1.2100196025217613
29056,2026-02-28 15:00:00,Newcastle United,Everton,1.11889,2.40731,2.316838847910513,1.310281786636564
29053,2026-02-28 17:30:00,Leeds,Manchester City,1.37824,2.46834,1.3437640977143677,1.7415782362726127
29050,2026-03-01 14:00:00,Brighton,Nottingham Forest,1.20107,0.83055,1.8485834042809803,1.009929997941528
29052,2026-03-01 14:00:00,Fulham,Tottenham,2.3207,0.952091,1.732596284099293,1.5733679500212534
29055,2026-03-01 14:00:00,Manchester United,Crystal Palace,2.34609,0.384699,1.9676214678079567,1.0587742524477988
29049,2026-03-01 16:30:00,Arsenal,Chelsea,1.71598,1.35268,2.204985816735921,1.0033006976067091
29058,2026-03-03 19:30:00,Bournemouth,Brentford,2.3177,0.673328,1.791480938755055,1.4214259940526512
29061,2026-03-03 19:30:00,Everton,Burnley,1.15845,0.762229,2.194278217339665,0.9667523779712492
29063,2026-03-03 19:30:00,Leeds,Sunderland,0.888232,0.843856,1.746321260640231,1.1072264149789504
29067,2026-03-03 20:15:00,Wolverhampton Wanderers,Liverpool,0.636033,2.17217,0.9438307157275565,1.9899897443702672
29059,2026-03-04 19:30:00,Aston Villa,Chelsea,1.06854,3.38883,1.7195504095329797,1.6268776176160236
29060,2026-03-04 19:30:00,Brighton,Arsenal,0.919228,0.514803,0.8749002400781728,1.9837584858286768
29062,2026-03-04 19:30:00,Fulham,West Ham,0.628123,1.49528,1.5616788711647351,1.1560041000432988
29064,2026-03-04 19:30:00,Manchester City,Nottingham Forest,2.72655,1.23642,2.2249773974487637,0.8921693062425443
29065,2026-03-04 20:15:00,Newcastle United,Manchester United,1.96637,1.80571,1.5443067590300128,1.6419352292904303
29066,2026-03-05 20:00:00,Tottenham,Crystal Palace,1.29615,1.91515,1.3979947973929174,1.5627996816446954
29070,2026-03-14 15:00:00,Burnley,Bournemouth,1.67695,2.36979,0.8364132477722273,2.0457924105314333
29076,2026-03-14 15:00:00,Sunderland,Brighton,0.659083,1.12832,1.3154636130769781,1.2191920813305297
29068,2026-03-14 17:30:00,Arsenal,Everton,1.90855,1.17847,2.0183727385827743,1.0169497605354
29071,2026-03-14 17:30:00,Chelsea,Newcastle United,1.72508,1.03251,1.801767720506272,1.1512226038992377
29077,2026-03-14 20:00:00,West Ham,Manchester City,0.488982,1.9546,1.292273380922781,1.4179778079322325
29072,2026-03-15 14:00:00,Crystal Palace,Leeds,0.525205,1.13558,1.2848237906359756,1.5550383900747922
29074,2026-03-15 14:00:00,Manchester United,Aston Villa,1.67823,1.21071,2.0434584931397177,1.120426280459735
29075,2026-03-15 14:00:00,Nottingham Forest,Fulham,0.821011,0.933988,1.1316249083003516,1.271352787560076
29073,2026-03-15 16:30:00,Liverpool,Tottenham,1.30076,1.15636,2.2151062037825557,1.156242334330299
29069,2026-03-16 20:00:00,Brentford,Wolverhampton Wanderers,2.7966,1.80044,2.8775278386948937,0.7987079292172505
29078,2026-03-20 20:00:00,Bournemouth,Manchester United,1.76664,1.74574,1.5369216245091488,1.5051432311179673
29080,2026-03-21 12:30:00,Brighton,Liverpool,3.42956,0.956801,1.1038493353487215,1.4321564965256945
29082,2026-03-21 15:00:00,Fulham,Burnley,3.48438,1.92556,1.6192826848742947,1.0370955655544583
29081,2026-03-21 17:30:00,Everton,Chelsea,1.44532,1.35143,1.6752238251656204,1.7012541824202725
29083,2026-03-21 20:00:00,Leeds,Brentford,0.417296,0.302221,1.5589190996600724,1.5679487065028286
29085,2026-03-22 12:00:00,Newcastle United,Sunderland,1.26705,2.66657,2.104054267791029,1.157675698982795
29079,2026-03-22 14:15:00,Aston Villa,West Ham,2.48528,0.760054,1.4000306117353987,1.4027361312483553
29086,2026-03-22 14:15:00,Tottenham,Nottingham Forest,1.6189,1.54408,1.4698247478204371,1.6337096173010341
29091,2026-04-10 19:00:00,West Ham,Wolverhampton Wanderers,2.54379,0.571967,1.7022136471109428,0.9455568576869094
29092,2026-04-11 11:30:00,Arsenal,Bournemouth,3.16346,1.39461,1.5358713402211122,1.1152487310698234
29093,2026-04-11 14:00:00,Brentford,Everton,2.26302,1.57033,1.8278911479773905,1.1563625264993622
29094,2026-04-11 14:00:00,Burnley,Brighton,0.812029,1.07182,1.201796496636509,1.6987917726090567
29097,2026-04-11 16:30:00,Liverpool,Fulham,2.01499,1.42024,1.9554561908551782,1.1397988641605095
29089,2026-04-12 13:00:00,Nottingham Forest,Aston Villa,0.85045,1.36297,1.593690269395797,1.444592764774958
29090,2026-04-12 13:00:00,Sunderland,Tottenham,1.77584,1.01598,1.402581946442366,1.3360027464260422
29096,2026-04-12 13:00:00,Crystal Palace,Newcastle United,3.13933,1.27299,1.5894194278145577,1.2065048159003737
29095,2026-04-12 15:30:00,Chelsea,Manchester City,1.22108,2.40839,1.2170750635556107,1.3931228989538817
29088,2026-04-13 19:00:00,Manchester United,Leeds,1.36555,2.95118,1.477232534735026,1.3149694949689859
29099,2026-04-18 11:30:00,Brentford,Fulham,2.33552,0.790707,1.9354345889649764,1.2744927518613225
29103,2026-04-18 14:00:00,Leeds,Wolverhampton Wanderers,3.55804,0.568627,2.199305986200493,0.9304994834997228
29105,2026-04-18 14:00:00,Newcastle United,Bournemouth,1.61167,3.36662,1.9805583313229387,2.014487206881175
29107,2026-04-18 16:30:00,Tottenham,Brighton,1.56052,1.1373,1.1639187970806997,1.6491210654352275
29100,2026-04-18 19:00:00,Chelsea,Manchester United,1.28109,0.436043,1.9472504025815554,1.4073296055435929
29098,2026-04-19 13:00:00,Aston Villa,Sunderland,3.90223,1.56008,1.7727787214217727,1.3752575594475946
29102,2026-04-19 13:00:00,Everton,Liverpool,1.4784,1.38333,1.496581739822878,1.7809245413785684
29106,2026-04-19 13:00:00,Nottingham Forest,Burnley,1.4425,0.601418,1.7481369518402066,0.829895668730597
29104,2026-04-19 15:30:00,Manchester City,Arsenal,2.61528,2.28964,1.2905710530304548,1.3782810192574864
29101,2026-04-20 19:00:00,Crystal Palace,West Ham,0.733442,0.622445,1.9571573132152085,1.2398139630174885
29110,2026-04-21 19:00:00,Brighton,Chelsea,2.51784,0.297865,1.8081584913547921,1.2153955072089286
29108,2026-04-22 19:00:00,Bournemouth,Leeds,1.91355,1.21601,1.718199654321404,1.7051931725101093
29111,2026-04-22 19:00:00,Burnley,Manchester City,0.973776,3.40888,1.0539994790124345,2.2861813023654616
29115,2026-04-24 19:00:00,Sunderland,Nottingham Forest,0.614323,1.54208,1.5163180425711813,1.0837170481302587
29112,2026-04-25 11:30:00,Fulham,Aston Villa,1.24069,0.906156,1.286497870666075,1.7641160873585622
29113,2026-04-25 14:00:00,Liverpool,Crystal Palace,1.45071,2.19912,1.795917723414486,1.3028547914090978
29116,2026-04-25 14:00:00,West Ham,Everton,1.8356,1.1144,1.6861093778658562,1.4097147919633792
29117,2026-04-25 14:00:00,Wolverhampton Wanderers,Tottenham,0.762656,1.06403,1.2008387850453417,1.927099985399076
29109,2026-04-25 16:30:00,Arsenal,Newcastle United,0.639189,0.868897,2.5779930933198125,1.2293635493691715
29114,2026-04-27 19:00:00,Manchester United,Brentford,1.84852,1.30383,2.2578188400159878,1.6594558520530265
29124,2026-05-01 20:00:00,Leeds,Burnley,2.09546,0.434597,2.6211632315302498,1.003063439706846
29121,2026-05-02 15:00:00,Brentford,West Ham,2.27374,0.753895,2.296559112534244,1.263526905912186
29126,2026-05-02 15:00:00,Newcastle United,Brighton,3.12933,1.87112,1.3290406299988098,1.2490298823158905
29127,2026-05-02 15:00:00,Wolverhampton Wanderers,Sunderland,1.96131,0.923954,1.5375584212384261,2.1809635249796835
29119,2026-05-02 17:30:00,Arsenal,Fulham,4.09079,0.696714,1.984840932351977,1.2403852973348721
29118,2026-05-03 14:00:00,Bournemouth,Crystal Palace,2.29626,0.678329,1.820710226389393,0.9619447000729252
29125,2026-05-03 15:30:00,Manchester United,Liverpool,2.55612,1.02814,2.1288064070601513,1.8208556135133955
29120,2026-05-03 19:00:00,Aston Villa,Tottenham,0.609494,1.12225,1.5610147813175546,0.7307311460340629
29122,2026-05-04 15:00:00,Chelsea,Nottingham Forest,2.17132,2.31019,1.7125356702154109,1.260585335707303
29123,2026-05-04 20:00:00,Everton,Manchester City,1.68558,1.41706,1.343959167135528,1.2713590837180344
29132,2026-05-09 12:30:00,Liverpool,Chelsea,0.623191,0.597184,2.1816169362260482,1.4462960061854906
29128,2026-05-09 15:00:00,Brighton,Wolverhampton Wanderers,2.22427,0.515647,2.3431259113827108,1.096098298140161
29131,2026-05-09 15:00:00,Fulham,Bournemouth,1.24334,0.998003,1.2546361135138888,1.7930691008539756
29135,2026-05-09 15:00:00,Sunderland,Manchester United,1.2376,0.535981,1.2541025301419033,1.7317048716837211
29133,2026-05-09 17:30:00,Manchester City,Brentford,4.37429,0.670038,1.9563234622216792,1.451645887317475
29129,2026-05-10 14:00:00,Burnley,Aston Villa,1.71234,1.75493,0.9766601527427377,1.8581337169374286
29130,2026-05-10 14:00:00,Crystal Palace,Everton,3.28826,2.10265,1.2943159428558333,1.3081594979419506
29134,2026-05-10 14:00:00,Nottingham Forest,Newcastle United,1.46434,1.65067,1.5827301045797562,0.9469861718580121
29137,2026-05-10 16:30:00,West Ham,Arsenal,1.32011,1.42953,1.160623715313176,1.7364629184726774
29136,2026-05-11 20:00:00,Tottenham,Leeds,1.49036,1.86976,1.278024217372216,1.099263139408039
29084,2026-05-13 20:00:00,Manchester City,Crystal Palace,1.95679,0.428862,2.3206207416245763,0.9740524660091405
29140,2026-05-15 20:00:00,Aston Villa,Liverpool,2.5252,1.55027,1.538563394970017,1.1675829420221446
29145,2026-05-17 12:30:00,Manchester United,Nottingham Forest,4.28532,1.84418,1.7739298612990846,1.361420103446399
29141,2026-05-17 15:00:00,Brentford,Crystal Palace,1.54564,1.82274,1.9345118565071133,1.360370942525171
29143,2026-05-17 15:00:00,Everton,Sunderland,1.32181,1.28383,1.7005858550883195,1.272039889717935
29144,2026-05-17 15:00:00,Leeds,Brighton,0.747756,2.23238,1.9471037181111202,1.2608002532709102
29147,2026-05-17 15:00:00,Wolverhampton Wanderers,Fulham,1.49725,1.48412,1.8473784828252449,1.7168064497821238
29146,2026-05-17 17:30:00,Newcastle United,West Ham,2.1336,0.957771,1.6464305546895328,1.7001222101812348
29139,2026-05-18 20:00:00,Arsenal,Burnley,1.22695,0.194884,2.569187716025755,1.0129145011274931
29138,2026-05-19 19:30:00,Bournemouth,Manchester City,1.71486,1.26917,1.661893468496957,1.5919840447107818
29142,2026-05-19 20:15:00,Chelsea,Tottenham,1.09262,2.15227,1.7495753941584113,1.2451214044784331
29148,2026-05-24 15:00:00,Brighton,Manchester United,0.702398,2.32868,1.3455798099793639,1.4293350339621234
29149,2026-05-24 15:00:00,Burnley,Wolverhampton Wanderers,1.28476,2.8433,2.017366768593941,1.3313367619462897
29150,2026-05-24 15:00:00,Crystal Palace,Arsenal,1.00492,3.90645,1.1775370205677642,2.0011147418085895
29151,2026-05-24 15:00:00,Fulham,Newcastle United,1.72878,0.24232,1.77429516356604,1.4232441627122985
29152,2026-05-24 15:00:00,Liverpool,Brentford,2.99412,1.46082,1.6064969533040936,1.4910801877422446
29153,2026-05-24 15:00:00,Manchester City,Aston Villa,1.38085,2.4397,2.7059976565381616,0.8335138817174877
29154,2026-05-24 15:00:00,Nottingham Forest,Bournemouth,2.05852,1.33684,1.4057734699153555,1.0693210941422884
29155,2026-05-24 15:00:00,Sunderland,Chelsea,2.33109,0.920885,1.5174314937892073,1.3636624773583172
29156,2026-05-24 15:00:00,Tottenham,Everton,1.40597,0.268476,1.6227751437834919,1.0175432928721166
29157,2026-05-24 15:00:00,West Ham,Leeds,2.73135,1.94969,1.4749663534866815,1.4103789017239943
